1	0.398916913047279	-2.45758961061308	1.88536719442501	0.170011837512861	-1.48441309971468	1.7068637471885
2	-0.779796899562089	-0.937968729254791	-2.84505313435635	2.31950195794941	-3.90335695759101	1.73981404959748
3	-1.25397976233197	-1.56362052665178	0.765956956391818	0.236726270038583	-4.14262806922413	-0.217368858811899
4	0.979735515339743	0.503888326158211	1.68136541747185	-0.820531094493696	1.94001063393211	3.50721285526278
5	0.480592638783631	-1.36900002554811	-0.792788290464308	2.04361011819195	0.309750071974834	-0.114894881008926
6	-0.443220789452609	-0.232925293591884	-0.265800896934289	5.54550633749171	-3.79463490633999	0.5220459707492
7	-0.83587330383677	-2.04336820236143	0.00818516287105686	0.544120980012316	-3.15230765316055	-1.61161492737748
8	-3.15927490879547	0.89987364554373	1.99004130900803	0.042239928764266	-2.93376056130176	-1.37321919105818
9	-4.44574216469931	-0.631905299563816	-0.824101013007991	-0.472153243269532	-4.06816108924894	0.341039948310764
10	-0.167761670250049	-1.61210930450154	0.273251072338554	-1.5941576808813	-3.11405419583825	0.896253579733589
11	1.31271977611193	0.316990530832469	-0.180713304743569	0.0244834765453871	-0.449515829882273	2.6637731697237
12	-0.909892789435488	0.912272641466842	1.65496932865673	-1.98398310862475	-1.77024973411061	-0.590700883504904
13	-0.554908175916524	-0.0394308893042845	0.728244383564543	-0.0107650060590212	1.66986598424892	1.69583239229041
14	-1.45991962917671	-0.00100636030332568	2.38870280642401	-0.058495443990629	-2.55314822075381	1.26363613191731
15	2.18448011735904	-1.88995437810816	1.42611883339132	2.39101940069487	0.916186990074998	2.35342508033197
16	1.68705629900402	4.37096636706008	-0.418954401290439	-0.986914800721206	1.2985041569442	-2.80290684166071
17	-0.63087121441098	-0.60665286942363	-0.733779706209146	-3.01997234416568	0.463602411380051	-2.18274580041458
18	-0.681669801031011	1.12347807261873	1.58050547693249	-1.92275374138531	-1.3911962860188	0.967345819804396
19	0.924157085267225	0.639294853794836	0.145297925245744	-1.54412699668651	0.737585622638193	0.399981561386588
20	-0.56150930421059	-0.303951126274749	-0.302606585999676	0.0375459684175553	-4.02369730583586	1.45977394675165
21	-1.16539852172248	-1.49533683512526	0.0618308439826179	3.57024185781205	-1.2904738884311	-0.631354113045453
22	-0.3765040702773	-0.770009488117596	0.319933816022553	-1.76953302838056	0.120650334402326	0.806855808693033
23	-3.87332852956231	0.0859438907433543	1.3182168687937	0.276999894573425	-2.64416343701191	-2.99882860538543
24	0.00839326112274091	1.48739376096495	0.807398607434417	-1.74700621713119	0.165920044013079	1.76555751520812
25	-1.79685915199733	-0.667982709653081	0.570244320746579	1.59099250094709	-1.17145152412243	-1.12605700426081
26	-1.50884594549282	-1.20824868535478	0.422388152281538	-0.916987906978818	-2.88607996216397	-1.91852259133309
27	-2.86545187201125	-2.05137464323389	1.55791566238032	1.61533073646454	-4.70636262273207	-1.91346542453523
28	-1.78224930575011	-2.03108731845999	1.36215940232195	-0.143302313133137	-3.14664787183309	1.15680440294157
29	-0.340748717914739	-1.77927413287497	-0.586196904062028	0.0886220025116213	-1.77735386549401	2.66765623278603
30	1.89938330142514	1.10376590265518	1.95456387948859	-0.87681608880862	0.912020699951286	-0.325614911924992
31	-0.958546716212287	-0.709733463747051	2.24621301936426	-0.603300482626705	-0.2079902366685	-0.177970330942032
32	-0.553043766034796	-1.67722400932411	0.0869871719695123	0.782665075094142	0.188444535713765	2.85936594124578
33	-1.7024576819783	0.3680884925747	0.636802593223984	-0.727728775215493	-0.680832138065986	-2.28226773398143
34	-0.127254082895672	-2.04936281816521	0.658248441730969	-0.694371649406798	-2.49912888112684	1.00527050562258
35	1.00246198550905	2.02513068672884	1.12496725585448	-0.433600816530516	0.474264437591468	1.51182926713083
36	1.30906010234953	3.63214805857628	1.24122768313733	-4.10984391742154	1.41425636202989	-2.33501210353947
37	-2.09889206715579	2.43595185744069	-0.51908848521943	0.962455249482429	1.1675893723918	-0.163032601827673
38	-4.57757099737866	-1.18608836407533	2.02276004102852	0.69092847744353	-3.21660318542702	1.86794677155673
39	-0.336701371292222	0.26819929894781	0.729163796614622	-1.77511504467857	1.1067601346916	-2.59203301833708
40	-1.39366758114768	-0.300473700895836	0.486439365761231	-1.09217248958637	0.717852105066506	-0.953423369038304
41	-2.40430881329543	-2.78313489494784	-0.38460406963519	0.919800074102356	0.0678213915634264	0.695615071683376
42	0.646996642651152	2.1028039066233	-1.16199434572725	-1.10561341678125	0.55585702732181	-2.04251457233717
43	-0.778497806145625	0.0428357760710527	1.70955524750665	-1.07050712898791	-2.07523974065607	0.488545096323913
44	2.0481333162587	-3.43064047977728	0.593784851570244	0.178489684343466	2.16012942445688	3.33112725554303
45	-3.52013184814785	0.853775020108576	2.45388271596736	-1.41071720135993	2.617374884748	-2.14709206677342
46	-0.500356469735555	0.245913307526696	1.18278877039718	0.179615177727852	-0.48705284501099	0.828883348400811
47	0.473052248746932	-1.63741875055363	-0.298213191764183	-0.702238569232194	1.18275278288653	-0.821488393989106
48	-2.5355301246486	-0.149119858784626	1.34391046561901	0.744543700562934	0.508277680382993	0.963595567558383
49	-3.48046891165465	0.569337197373439	0.121516482495711	-2.44750735812139	-0.885380077776647	0.574739137679728
50	-3.58072422493474	-1.38162873546278	-2.83016601223235	0.934939406265015	-2.98160779194394	-3.4196288547605
51	-6.13192149435021	-5.13019975407919	-2.23949324528804	3.68317768302335	-5.67603594978347	-2.01386926273485
52	3.04735224883678	0.312955530533791	2.04383193122147	-2.17554860366883	4.45318367788414	-3.50090979541183
53	0.450634983244024	-0.125743399271678	-4.07807284332541	1.21506578813567	1.49008094497332	-0.770141468749661
54	2.03823384116948	-2.67340144205176	0.720119881316517	-1.92832533137938	0.452266998390222	1.28293651689881
55	-3.46674155183423	-0.488136655045189	-0.191109098394333	2.39443624500082	0.0107986746809323	-0.786975148364451
56	0.0446167965876244	2.10868820405617	-0.164577718161139	-3.02851352731919	0.766770613772281	-1.05580769990797
57	1.36470747778723	2.61721775441515	1.43899272010879	-0.91342766985465	0.920693571338649	-3.18085138197172
58	-2.06642482158203	-0.798413271167706	-0.755715464303033	2.36572438610813	-2.21930144153133	0.152337026663322
59	0.789356584541963	-1.01201196880653	1.6734359850585	-1.38143211044053	-3.00054604230446	0.280945426685636
60	-3.70526374386006	0.316424733947713	-2.28733024738988	0.415504805084832	-3.74733403776867	-1.96586069738897
61	2.82252761374133	2.40066351713617	-2.77138321362169	-0.957710406982549	0.645682283597614	0.0956121053818859
62	-3.67855284144465	0.572098793937758	0.575590814176864	1.38716353496931	1.35029556775211	1.62756961089569
63	-1.0339901643485	-0.457407835199234	0.0447236093206853	-0.180391328637832	-3.64580758988592	-0.572073065342997
64	-0.30447678821918	-1.1033203601846	0.892285571437219	0.839494285488284	-2.86663348796286	2.24690404543842
65	-0.119011668110976	-0.558919460093038	0.911569514880488	-0.541432205142913	-2.05751593562518	-0.101563269882154
66	-0.0322885586708969	-1.07476535630415	-0.205745207116646	-0.219407510136694	-0.211320726794996	2.13820714185366
67	1.5209602648961	2.29629345808515	2.9209561819034	3.23619147690702	5.47384408239857	-0.54783406226238
68	1.41065060844897	-0.608032998648901	-0.702219592227009	0.392594018107456	0.361831981409193	-1.01089878946971
69	-2.1773356283538	-1.63884718222434	-3.24325684029441	3.51383120391539	-2.294793532602	0.641251510143788
70	-0.0952363498275386	-1.07570439010231	0.537778941997158	0.825778372757355	-2.40031567357174	0.685331610012453
71	-0.354261842233952	-0.458946803753111	2.78385521558461	-0.308095447021551	1.69006121193534	3.2820071299448
72	2.06298671491033	0.623279621360777	2.16040865707334	-0.657288493028828	1.08902905612842	-1.2573082484681
73	1.4079681432138	0.173229022418846	-2.49405241860112	1.56551490906627	-0.763598181840001	2.1596867837254
74	-1.41945391899769	-0.885720174286306	-0.758005836815783	2.15495639091538	-2.12660981599813	0.16380699931117
75	-0.435130832459809	2.65949879023346	-1.45368446574523	-1.55293626270965	3.34598667561646	-1.07092719556283
76	-0.917053993427867	1.66518469112595	3.44075629093946	-1.84193320588001	3.9770306128886	1.19473713830383
77	0.665980040890538	0.731997810016011	-2.91923965094283	-0.26046451259502	0.0148831114606722	-0.688654616596925
78	0.552557732129494	-0.357034785310175	-1.50335221300721	1.19450461138164	-1.99008666273263	1.26355102680786
79	-0.784208667622104	-2.35801326962352	0.262386986725509	0.033679045958559	0.794230251816066	-0.572591970188837
80	-0.651710573162588	-0.564516027336685	2.23540229862803	0.429243155920275	-0.722876191100719	1.29304224877625
81	-0.728829450956555	1.45690391454579	-0.69459260997069	0.682346929344832	-0.516905381311969	-4.93658704626053
82	-0.716072827685323	-0.500258815064382	-0.137295421236729	-0.288172358822978	1.34012820197757	-0.265781971699751
83	0.4058929706491	1.84159567820558	-2.61676579507497	-0.163723148971421	-0.144135645254597	-0.956072767205253
84	3.92383878974351	2.01211711193413	-1.68210019078956	0.798665609915581	4.90680555177153	0.861317629566224
85	-2.48207443037565	1.98527298498627	-0.316799060354307	-0.0169642280866321	-0.251239964160694	0.042748722688629
86	-1.79415425615303	1.0106373499652	0.325890401489663	-2.72835697289693	-0.361896707481783	-1.24158709294271
87	-0.933181161637124	-0.5887448495291	0.704862385653167	-1.52281050267825	-1.29759337460846	-3.09775572800092
88	0.970176156686428	-1.21299949831402	-0.634974885867352	-0.725130332439544	-0.472531480545621	0.374722557038421
89	1.05474022801166	0.0358644325109012	1.18073583112077	-0.0406019872408094	-1.12665486268269	0.513953487704667
90	-2.5608729323455	1.07222192942771	-0.0690656479423724	-2.07589997629091	-1.23133433452051	1.04393815916684
91	-0.642079754377637	-1.19193694708881	-2.54598744227435	-2.64345017438783	0.0945742951284566	-1.87105789526263
92	-0.56086034329827	-3.81776560826259	-0.729398666381386	1.59697766222567	2.96489862755396	1.47732529304542
93	-0.53516764796942	0.533293588133702	-0.914729624185447	-0.405630264061887	-1.64275584521504	0.477943882588311
94	0.79616051713965	-1.13640807431843	0.763509002288404	0.134693691919016	-1.83290666039678	0.182801477189721
95	-0.86339966319459	-1.93943702913031	-2.64213315337423	1.4282509475372	-1.0161746272808	1.39563405492697
96	-1.17107171890122	1.33112122120154	-0.926458806281757	-0.857491069998021	-0.679224101023785	-2.11505468365736
97	-3.58754414824104	-3.98488827669921	-1.08655901078071	2.73845466972469	-4.26788442896043	-0.546710904808407
98	1.52182383658074	-0.750947428715003	-2.36435469101472	2.07420543746954	-0.704603860754361	-1.09795233757363
99	6.00478220850351	3.09929907425037	-0.151960470838922	0.43490072664801	4.20193021614711	-0.405312317394789
100	-2.91322397230106	-1.02213628900807	-0.568064265722316	1.24983641452122	-2.3580583878902	0.585751761474272
101	-4.20486958832498	0.949994435597668	-1.18361967630218	0.022078483924765	-1.52232631321984	-2.43473292940822
102	-0.941343686658716	-1.57587884204099	0.630149922323607	-0.63055045502398	-0.995869282416402	-0.380811610743744
103	-1.86962947066692	0.901303213168385	0.453404753200297	1.88657187116704	-1.34558549852466	-2.63778220584857
104	-1.86036502522193	-1.84797099274164	-2.42983096760384	3.78001784646363	-3.09057475518447	-0.617236240775537
105	-0.0147843774774108	-1.42619514393764	-0.35232222541135	-1.4235709609367	-1.32435372830924	0.788044316984123
106	-2.06429420935676	0.438865588712926	-2.04252960923265	0.911111231114308	1.16346111585332	-0.449157991155764
107	-1.00643743426831	-1.81639983879226	-0.165645926722768	-0.185290157066659	0.48844408190613	0.594163060073641
108	-0.825891612771529	-1.66532967680027	0.843441394938168	-0.902503160469713	-1.72622601699794	-2.62752365392624
109	3.47147711255876	-0.0322807027246064	-3.79047243714946	1.47992488685981	-0.133312113370601	1.61869297073167
110	0.643362416887135	-4.09904161950471	-0.682168793379847	-0.0650205125807741	-1.3245098000308	4.38592463077171
111	-0.913263005151712	-3.33173489966118	-0.618186964534465	-0.63682456148819	-4.86449686620703	0.612642279046056
112	-1.31879178761678	-1.46081215583282	1.52309675438799	0.852984932658792	-1.2936021470855	0.919723854084316
113	3.4762749208061	-2.38146470116023	0.0775982349009295	-3.58727761406666	0.951674456723559	1.06091457607961
114	-2.43363223269917	2.179005747342	2.59712674950821	-1.20608999986324	0.145642904624805	0.443832155810809
115	-0.537617247315097	-1.35663195162669	-1.14652844967129	-0.527011679082955	0.123814548368059	-2.11108888930127
116	-0.425738309105582	-0.971468224368157	0.303707547053825	-1.61161198030481	-2.17482590445485	-0.519325027260682
117	-3.22175991685114	1.50454648953523	-2.10480066565121	3.00174052591461	-1.39713963323368	2.14111349387223
118	4.2454911280839	2.90711066310529	1.14359028579152	-0.141891190389531	3.38314642724274	2.77957136727676
119	2.93171394162407	-2.11349140851895	1.02632081933893	-1.03294415290164	2.27671351624912	2.00908881045064
120	-1.16950761908125	-1.04192324431461	-2.42716640688114	0.012185960418093	-1.61711735572975	3.02643617690539
121	-3.24168590575183	2.3247563522762	-0.716260680906369	-0.0369892009251828	-2.22065531465941	0.441339354613471
122	-1.97834202868801	-1.5583815507032	0.571476594400116	-0.420832184286799	1.42611596047817	-2.69836158484872
123	0.854186266690837	1.8228354061979	-0.200178794335353	1.29207534876535	1.28428674023977	2.25992097889557
124	-0.0776443837112148	2.97364477425857	2.44835978254954	-1.33951479063179	3.76297488365912	0.524409906591195
125	-1.95886793233508	-3.76635710481924	-2.00839251406057	1.90739583332364	-5.13165535561347	0.169367246919613
126	2.45796344116384	0.618282196618401	-1.37562804302061	-0.132530912864001	3.18365521029835	1.85701350307632
127	-0.753510129082629	-0.255026704291278	-0.16247524447573	1.72596608225916	-1.98801435363221	-0.870240150610775
128	2.02843090855851	-0.819251619671679	-0.844224609123801	1.0274921087793	-0.817667110609999	-0.220183972553068
129	1.01402529709435	1.63770376925731	2.01717511136094	-0.35231298937557	-0.394431647326973	1.67483189768245
130	0.826170477772375	-0.293174537512543	-3.13434261776476	0.788529154000462	-2.90212377651062	-0.984176458366793
131	-0.130814170126058	-1.94870189569808	-0.970818416693168	1.41280539537703	0.428436551374161	-0.687537803356455
132	-1.43388443566612	0.565838094352846	1.16603250637838	0.131020797467233	-1.11743472333678	1.54337582428559
133	5.94754756185957	0.155083722730575	-2.57062923409807	0.139428017455366	2.97815784472504	4.83022382755234
134	-0.513184437135864	-3.9214380633003	-3.84117868104999	2.57167409420428	-3.73759550669692	4.50466486369808
135	0.995295053729274	-0.0428391797359371	2.90646457316051	-0.359192551290016	0.828994874488994	0.416684805737663
136	-1.77338450942064	-2.91309059810352	-0.723940655715579	-1.44139605233698	-1.72313614151082	-3.81319373573291
137	-1.65530603303362	1.96615129679974	-0.566509918663302	-0.668086930599192	-0.610966208416688	-3.59563506916365
138	-2.59867226151406	2.48020388191361	0.664956841614312	-0.654932762722449	-0.569512951660357	-0.0917403632630384
139	0.69841874858668	2.09646502119955	-0.750265026839791	-1.19708479112943	-2.32031793583629	1.24271594981887
140	-4.24532124300747	-2.16072682453051	1.04812493391457	-1.15265483544848	-4.44201055600228	-3.0597211530336
141	2.50525171568648	0.44541412065414	-1.49298978820506	-0.197242556406433	1.15808467885378	-0.527448458804126
142	-0.813305631160547	0.615372283209255	-3.57398966502597	0.643087115831757	-3.34229168480927	-0.101079446880925
143	-0.571776574913334	-0.948940184992542	0.702594772677413	-0.00485144117067776	-1.25601265644827	-0.343375686182685
144	2.59161139053064	0.0245136827479882	-3.08369842414536	-1.27121998025447	-0.211498635682422	3.78161927013305
145	-2.9770401852511	-0.837086437783152	0.855199631942448	0.984447059700656	-2.42040716055691	3.10094498432563
146	-0.0100902404486643	-1.4165863490992	-3.01410381405064	5.43299742837519	-0.624434149994598	1.1066371037319
147	1.57700805232016	-3.6666492071865	1.20109744981491	-0.993627868851986	1.9659046720476	0.608870233610787
148	0.229880436453941	-2.42529145087224	-0.664181307188446	0.490013666846462	-1.49704676725305	1.75338234738836
149	-0.0154484602535358	0.743914504704405	-2.8319993503214	3.10423719604196	-0.880135768085364	0.967168915043348
150	2.52771042902374	-1.24588240633906	-3.24473896548322	-0.29525271834416	2.84840813486792	2.717619653991
151	-0.778056152193888	0.849138579724309	0.0767129993435427	-1.074387114004	-2.35297847539352	-2.55581786112356
152	-3.65504647601266	-3.44023163317881	-0.69775600678822	1.26364388267526	-5.22254338271451	3.97249285623082
153	3.11471615777869	1.38359037809505	3.74911133661697	0.836864019292214	6.39697246899636	4.52321383249298
154	1.78828827886357	1.41994367529743	1.52602196378412	-0.838857456781388	1.98490598900177	1.19925991428748
155	3.27971304869	0.280781617573295	-0.318790734877282	0.44401180282096	2.31863863544796	2.57876550431134
156	-0.0210346408081286	1.36636359984212	0.575397539297643	-0.612671755921376	-0.533271740141703	-3.85642412773611
157	-1.37203601927602	-0.8749290296199	1.59512360228112	-0.00995205660267891	-1.048814993877	0.611699351376509
158	5.6904777711962	1.43242303667265	-2.43655523382494	-1.1890390139229	3.19104385969595	0.408631548714691
159	-0.358308607463889	-4.38245356702977	-0.73271916478398	2.01980396402703	1.93743800978133	2.82951448647349
160	1.14079183605444	-5.49910352136599	-4.54471724748416	0.669283448244027	-2.64587170095371	2.82147267121598
161	-3.86449882004322	-0.683289780779725	0.457913657698199	-0.621947340568837	-1.54813432525645	-0.770668657554536
162	1.1375131133357	-1.00686285985962	0.523131537826613	-0.367062908766028	1.00318405198327	1.10716524878281
163	6.26438123491226	2.27896856133858	0.2115526747203	-0.503819756215965	4.00722479323873	1.43095987146974
164	-0.381308956605271	-2.51955595227021	-1.61642159435232	-0.834618715659994	-2.09554347918906	0.554043987543551
165	-1.02889380890505	0.414264943570929	-0.65165244084488	-1.55843340818051	-2.49160874113271	-2.9930986938981
166	-3.94189738660212	2.53251952369124	0.581295885798708	1.60335440588218	-0.593983532460024	-3.56992878899533
167	-1.84306520632657	0.503109029520219	-0.233961349306161	0.615358975211663	-4.40516353184049	-0.0596385674172613
168	0.110368405953729	-2.10600166265812	-1.26966161794526	-1.23715800091299	-0.474635454643424	-0.797239620936266
169	-0.365043372239835	-3.40687085501089	1.43314935330037	-0.950470388544833	-0.766174411528035	-0.282972237343667
170	-1.44527759242601	-0.369948777835958	1.20224916566042	0.564452651831305	-1.52098835437226	-0.666187770479572
171	-4.04191743331064	-0.388025886271829	0.89266172675529	-1.91055053878933	-2.11227427342326	0.277421984595975
172	0.966861214371434	-1.78532110185268	2.37999069942189	-0.291224951371028	0.252906935137397	0.34214824352803
173	-0.400404569575531	-2.06971775655899	-1.68364971180282	0.952970561297004	-1.72454864121761	0.240634582314717
174	-0.317543552492218	-0.969073625990314	2.71920716137282	2.06898075344538	0.705661303891669	1.80782324328152
175	0.757858354752493	0.409780637334173	0.617685360370674	-1.41001903498828	1.21982734708921	1.49182301820076
176	-2.31782356849316	-1.68320991353782	0.822261742398167	0.102112964675734	-4.59271045560666	-0.564563296705401
177	1.47009643143285	-0.686717524725964	0.522038417821251	-0.928328021015924	1.76852682855091	-1.91927433886646
178	-2.43972219773726	-0.346387492192121	-0.462673327900536	0.459618611951504	-1.94967170461954	-0.253794694852451
179	1.41718790597865	1.0262306855742	1.96110824302869	-2.17861861749068	0.699813739688861	-1.23888098486625
180	-0.450659851571284	-0.876662002512194	0.595606199677467	0.430833526573953	-1.48439112912512	1.70266969382746
181	-1.26612273041019	-0.68849832987285	0.940017492715739	-0.122579570617324	1.07514647041246	1.51962042028923
182	1.16948825736183	-2.32145039893288	-0.584992152917064	-0.447674380824497	2.03380471944972	2.87751328165033
183	0.477412902361395	-2.09845364800966	-0.101835027367323	0.213510246491166	-1.41111209590947	-0.0915406633063359
184	-5.23345423264536	-4.28173079830719	-0.55782836116795	1.68574477967373	-3.06809518091692	-1.49441069057243
185	0.346907360000548	-1.64861503604688	-1.91871808496438	2.89709424637949	-2.52653873396813	0.846422352279265
186	-1.21470795019964	-1.05296843372081	-0.462260648382381	0.443976832736505	-2.96083050149281	0.200678185241715
187	-0.660541015526472	-2.30714802897634	0.975148322553761	-0.319259121458402	-2.21786657402258	1.6295472464023
188	-2.45808758250687	-4.56256304968961	-3.87834753548412	0.946385348069854	-4.23525305865399	0.593301281225185
189	0.483013980255482	0.692860208441187	-1.05736292794521	0.129182985010132	0.106380682960847	1.27052914459089
190	1.78249004187101	-1.17789593096415	-0.826762370969378	1.16020450683646	2.73985881145844	0.720523311967438
191	2.3986632350736	-8.28606624757825	1.8057430988267	0.735029581237062	-0.00207231573329478	0.731204772972654
192	-0.304115402280211	-0.44248606499514	-0.74366124775699	-1.52572400779147	-0.244106137366139	0.640282483162855
193	0.498679351189606	1.81255199258841	-0.0114727901340329	-1.79628832398101	1.88653027853629	-1.20067069268371
194	-0.199063972846038	1.01815101495187	2.11191458596504	-0.776098985932227	-1.4356398675109	2.14430429202979
195	3.54412465078663	1.15438400675561	-0.269759579904841	-1.61930639330667	3.04532492749154	1.74949508176679
196	3.03467453137373	5.05263012558799	0.858955867450854	0.440490635313857	4.24004320277258	-1.69280201455079
197	-4.74828870446737	-2.00901572395484	-0.985244418437627	1.61116508400279	-5.66851012758355	-2.54944639360582
198	2.22431520242767	1.63197075765486	1.54678845284498	1.50053661476053	3.10893157332024	1.51446088380908
199	2.01514861892618	-4.21791871480432	-2.06795447368704	-0.487864325096694	-2.91510283160242	2.06321844819032
200	-2.25244649104061	-2.55027972261961	0.976654817644289	-0.477577955645187	-0.122923230162843	-1.37951288736478
201	-1.15891912130346	-0.724922060311712	-1.09554631239956	0.371174731457067	1.96449629033159	-1.7459515080015
202	3.31276240717253	1.15235946547764	-0.47961293421251	-0.638427734527202	3.60687753425112	3.92231654478979
203	-0.678349811803666	-2.02147265510727	-0.0816679582275247	0.134165859299259	0.489068781385948	0.304370932957975
204	-0.682520357736943	3.22379023350558	2.5877007874971	1.24074199033172	2.74741448351475	2.66079249794704
205	0.805193636652318	3.37362130742006	1.81738288244101	-2.73809048926991	-0.9949974392657	-5.12143364564536
206	-2.06175879240035	-0.66101631904978	-0.151948349264477	-0.292604780691416	-3.57412662475403	-0.788835839590462
207	6.73434748471471	1.44834159307028	-0.16953633955601	2.85247470229819	2.24784314090199	2.80221927605924
208	-3.06772597209807	-2.2512393534838	0.18875588704506	-0.827310088785342	-1.65450162381048	-1.57834478687435
209	1.69338660931577	-2.04857383693323	-1.98282842508279	1.64568932242704	-2.29662981589993	0.951262899994872
210	3.14477094229698	0.879320758442039	-1.24519840552734	-0.67117649094185	4.28543482388466	0.362977039130576
211	-2.39318755466747	-0.154234141226729	-2.33239419492574	-1.07478100784893	-0.688244574621492	0.27621573736846
212	3.27035054562017	-1.23010825365754	1.72353613494755	-0.805850299052588	1.42803981240194	0.361515917195819
213	0.189166778295507	-2.72818316020428	0.387995160247406	-1.01517843660442	-2.872406623035	-0.869313133771673
214	2.65104337469572	-0.196814061503663	0.65026328119546	-0.615478423316035	4.17960566081648	3.17542445252226
215	-1.00305840374595	-4.08265682002464	-3.40621147268868	4.87334333343538	-1.92654269952407	3.19768365561801
216	2.20149080081593	-0.390907866555622	-0.864331668497838	-0.822816584073307	0.502990650310658	2.17313170058081
217	-2.14732318463368	4.41051645962636	-0.563564508115107	-4.1378125466805	-1.53731670396408	-3.95854191949783
218	0.0553423811729477	-1.94263500253984	-0.111945353011212	-0.405009285248344	-3.38512747629894	0.536540606384958
219	3.21694003731485	-2.65237275616884	-3.09497825591708	-1.45898452773686	0.292253174795458	0.453705691970219
220	-1.19437181704228	1.78106218173743	0.0438765247986494	0.257334270654027	-0.549832447999527	-0.132172376867547
221	3.76906672384215	-2.09083162206441	0.368641386385846	-1.87536627822837	0.551538539068755	-0.412171159287721
222	-1.58991896214995	2.23768747944161	-1.33102975083907	0.0791334630962125	-2.2374258217266	-4.75704183987517
223	-1.61732175783173	0.478937872640301	-3.77019382789589	0.50364127900097	-5.31067055323129	0.396284365276807
224	0.685853842157157	1.25693013732034	0.723604888168937	-1.65547598504484	-1.32619462608237	0.126479943167461
225	1.60216861121424	-1.95583149662228	1.83630143804471	0.398881262281048	3.12576087651718	0.422682508281275
226	-1.44331840321897	-1.31481889030135	0.45602293505057	1.87885425949037	-2.38693123325163	-0.117768366795247
227	2.0676694307575	1.72711057426758	1.66307884625589	1.97081124655369	-0.843942476532427	0.987327557414355
228	0.0447083341288222	0.479535602313377	-0.740243927598663	0.767093056059877	-0.984919619775476	1.39708130084267
229	-1.64260332378083	-1.08418143041956	0.963029773459399	-0.33754398874057	-3.79093643048782	-0.120073476429408
230	-1.39818823050542	1.33507869281152	1.16265599960035	-2.01901595664208	3.04637374581744	-0.599007079136109
231	-0.990117292664018	-2.5672714968282	1.13140998465959	-1.45737157921736	-1.15345719660365	-0.56878810826858
232	0.958493261985364	1.18619211553389	3.04461588961239	-0.0373432845048586	0.944429673868378	2.45582096139269
233	-2.82128239767123	0.33807356327479	0.316002578189956	0.070574394813346	-0.44143325699155	-2.39246266843356
234	-3.05821382142879	0.277570309568819	-0.31720044871008	-0.571755707962849	-2.01242251775805	0.285027064923647
235	-4.24386456722745	0.0170547567454647	-0.483233999091559	-0.0234156121167656	-3.12914494842316	-0.579047197031112
236	-0.149168011782524	-1.20046361059623	2.30182398441552	1.47179555477027	-2.43658981482096	-0.357720716013006
237	-0.79170803904284	-1.65291021068036	-1.18764656760343	0.541672114016304	-0.831764382350694	0.287974699805941
238	-0.16926394143238	-1.61848296940338	0.359793402519035	0.882990845167084	-4.28036636906543	-0.686835305508939
239	3.15812568984783	0.84544982069591	0.48947059708051	-1.73795974249216	4.80685326125238	2.26430747133079
240	-0.41159132932209	-1.41881465538776	2.48100190474581	-0.634953462372992	-1.87978689318415	0.809999466659422
241	-0.168541607592183	-0.26391758321283	0.651377292881162	-2.36098754074213	1.06859134849026	-1.96627350741221
242	-2.97719195966703	0.101219458389543	-0.853344794185271	1.63647847260087	-2.57867407839774	-2.19520430322385
243	0.0557452447543906	3.70567367595111	-2.70885102423418	2.01888333728795	-3.4782152714172	-1.45080400791509
244	5.26231081316095	-1.17397463750681	-0.905428582897227	1.62896857047232	5.03455662430393	1.68695401382004
245	0.383661572413178	-0.751498823759273	-2.60045278101263	-0.185033570742968	4.55381703917909	-0.262915625762103
246	1.58782855540327	0.307647031245415	1.73961418414749	-1.53101744936166	0.0823274073520307	0.962925286600104
247	1.58401239742458	1.0414153267255	0.506091741035968	2.88043380812554	0.40961453875764	-2.33124863238188
248	4.79036693203555	-2.14013448822556	-1.59563697653572	-2.26773737064191	2.37706635082584	1.75998191350535
249	0.0285544414810014	-0.631838967464247	1.98231279734866	-0.508614197077787	-0.0596017279750587	-0.379752723937024
250	2.14251858674843	2.59386510447744	-0.557474907019478	-0.98302216503667	2.69066505417829	1.74286812909204
251	-0.0892165711293351	-0.101891919653796	1.82485227773195	0.215801304072124	-2.45854792761325	1.01867245031239
252	-1.16066104286055	-0.0721589155283878	-0.777078213213477	0.328094927043852	-2.16815928420534	-1.00579992985285
253	-0.491635962412241	-0.0457685144964849	0.259495999728819	-0.978978107172934	-1.95285875763443	0.967229982883635
254	-1.53571354623396	-2.9472771996677	-2.3518496394349	0.544410787418115	-3.93488904616078	0.294022117600975
255	1.41037355209978	-1.7753500411038	1.00093168104225	2.39128339767386	-2.08354457671934	-0.153204036280001
256	1.68154132784932	-3.13832536015357	-1.56219464852963	2.56673323485122	-3.77308405394377	3.35249535023462
257	1.35824176676836	1.79466275518053	1.94183563142269	0.579159097040641	2.38216015580937	3.07484942871324
258	-0.11073563583282	-3.23205006649928	-1.36819632186765	2.30700891667443	-3.8205539409636	0.914122823427763
259	-0.289641613663018	0.307898463817146	2.41949422047401	1.7997409958033	1.85792499874785	0.764452580200219
260	-0.0226884570994594	0.903220638055899	2.59800064253907	-1.4770367909024	-0.885954748452666	2.23272211550566
261	-1.35054090488556	-1.69523114337283	0.00599750367388654	0.430110697019752	-4.81234095532467	-1.26178613095666
262	1.73713192043358	0.860954173041868	1.36895981198853	-1.13726141280408	0.89540505029577	0.0862507104510686
263	-1.87882948289268	-0.284264706467113	0.758493428232599	-2.393671676462	0.713940619223413	0.282274511039099
264	3.19623913819359	-0.5521372125436	-2.79604374368814	-1.13946670296572	0.817849730350295	4.60294423475704
265	2.35370312421007	-1.93255408878192	-0.397866564665015	-0.180635683339783	-0.0523490793394953	0.0113664741907349
266	1.01808704821143	-1.2418595607066	0.908521617654487	2.17744219403945	-3.5024423872175	-1.14880240793859
267	-1.11370480479288	0.956890604118288	-2.07806540693491	1.34784952933517	-1.33670461534277	-3.03430417191106
268	-1.03963876208788	-0.604627689266099	2.14102949105294	1.00190503004285	-3.39001933866066	0.184227599035558
269	0.368641382569533	-0.710522380493593	-1.69144111695278	1.15844365149983	-0.315317528498854	0.0602979177829114
270	0.945167826776589	-0.315121395230064	3.57234122286769	-2.6135863329284	0.970869344563828	-0.469619519650609
271	-1.85831949268422	-0.910958103938169	-0.722800578550209	-0.267865822949066	-3.96691563894982	-1.55346794577589
272	-1.91738162853423	-0.0606340258629547	2.21287699574016	-3.2012950804476	-0.474483575758205	-0.695815296527989
273	-2.52598661211268	2.56723346344274	0.903345279574445	1.65336745272242	0.733153526440762	1.24938677344618
274	3.20907076048967	-0.999197674219676	1.22371520439369	0.149977079322054	0.542757032555628	0.865351887381844
275	-2.19241566111789	2.32790229375069	0.378276550187516	-2.82410597347185	2.68596979263596	-2.45630023398435
276	3.53536571806142	0.0911690582755849	-2.03174954477167	-2.38448235157106	0.786382442530866	3.74081759080493
277	-1.16075943959433	-0.56185236349204	2.24797419629906	-0.133566313608706	-1.48727521694864	0.473371641211687
278	0.813606571952719	-1.57007588150588	1.53419070555679	1.34117715103233	-0.367024004213639	1.60373948903807
279	-0.654066716807177	0.273609869037724	-1.72108981613181	0.717336239652251	-0.879690398773703	0.229982233151901
280	-2.26803426702394	0.856386943517947	-0.275783137167952	0.540884534841563	-0.415595468622493	-3.09812063639781
281	-1.86758680146239	2.1702007852801	-0.716603686517737	-0.906755443184705	-2.33942549426077	-3.29898285213814
282	1.71966886867108	-1.1209049897974	0.0952268729135867	-0.367883224168201	-0.483556427603871	-0.615279578452402
283	-0.999230910534079	-1.83728486554585	-0.685518089172948	-0.585124787646075	-0.54010848992571	2.28721289466853
284	0.515727284562934	0.242505326880093	-4.64105472698019	2.73364568923137	-1.45427918844719	-2.90037341036467
285	-1.49545186769972	-1.05769943410769	-0.585042666515389	1.26979706166224	-0.26364826733161	2.33903275903014
286	-0.913791802308654	-1.11800659560534	-1.61226633406768	2.50180326334344	-1.43037927425757	4.03776397492979
287	3.05462341244294	-0.628158138416101	-1.25346070233946	1.06522336768497	0.72692819768774	-2.59392545424202
288	1.87260386023828	1.89738490349066	-1.66586112883486	-3.36272876730693	-2.21403372966622	0.994136385983859
289	0.471569438484329	-2.29913070991613	1.496869742515	-2.1252876649274	-1.43340892040194	3.19691035834394
290	-3.20676480840723	-0.430359486189044	-1.48519215117071	1.97554586199679	-0.543985075917509	-0.081549172640873
291	-0.696221851051474	1.15242141293059	-0.568594734458485	-0.65604177104173	0.322816998286757	-0.981601254010764
292	1.17138278461774	-2.16610619101714	-0.887005174768578	-0.384459990961977	-0.0303190382209305	1.54328058044568
293	2.64746828468198	-1.63555343068123	-1.66810064989113	1.1793926599845	0.208848962653604	4.21133743782719
294	1.6971599796559	-3.00459034419357	-2.14298518591537	-0.0767037197282164	0.479229413385618	3.10715534593766
295	0.915852543392673	-1.95801855829749	0.580476043443161	-1.90640368429667	1.72579495971141	-0.430106423028386
296	-4.23331065123163	0.894977686117034	0.289971515227725	0.0407682730064778	-3.86085134714493	-4.94386680900634
297	2.44081505618776	-0.407540866641877	5.02987054784736	-1.31146674062852	2.820708486706	-3.18279089025188
298	-0.411717967840524	-0.241091534659013	1.74687533624957	-1.76453138734902	-1.69416696760967	-0.9102288917819
299	-2.61387243805893	0.657288723368482	-2.83141086008366	1.22071462447024	-2.9446764457479	-0.319117865033781
300	0.222295537374367	-0.516617335397839	0.026954494450326	1.76715596992766	0.5306105466681	1.29170658635176
301	1.12484577024197	0.736125691562973	-0.491170333414727	4.92236486923423	1.00862103759385	2.30670185236189
302	0.684201907716575	2.43096326913638	-0.437929208418766	1.67884033306232	0.912813926617461	0.0074039921117964
303	-0.695898508440755	0.666539592528471	1.636326932729	-1.15815302084285	-2.36741385569874	0.872554065080299
304	-3.5758162003458	-0.682465478302415	-1.45078704242779	0.277302213963964	-2.996289055983	0.37183074725754
305	-2.17847183001276	-0.958171117604329	-0.569645963582393	-0.0250513161691105	-1.14819540282583	-0.429519540168262
306	1.7308351582209	-0.720290775047557	0.915958810481254	-1.65979533051746	1.81843984155686	-0.106359110706633
307	2.04052031194518	-1.12848183705622	0.759896916039523	2.61518197350225	0.455106304624957	-0.179793827203189
308	0.369509715952385	-0.475324727810133	0.729506319452466	1.86869546143908	0.823187923748776	0.914570980368935
309	0.370347381450265	-1.18478395090265	1.64025192162405	-1.17440817063129	-1.49399864107878	-0.989940582009938
310	1.14107020785417	-2.1935463473145	-4.06626194276892	0.21968192995663	-1.15717411130465	-1.0700122549112
311	2.43186450181281	-1.06673776744171	1.53934803508028	0.543679888783666	0.989342069665193	2.89437877802361
312	1.17518990842549	-0.499013218675103	-0.164185224028805	1.21473695634249	0.806874084649936	0.940329377450599
313	-0.569801046939532	-0.370371424052171	-1.61880475245217	-0.0180384616476287	-1.98721575914544	0.0823235020096911
314	-0.446133899605154	0.756485718984147	1.01913501964263	-0.203954971717145	-1.89527958047161	0.651159224934844
315	-1.81758646471647	-2.98070230055935	0.383249897739926	-1.87041311369581	-2.8890338668804	0.608626655463574
316	0.918270035006703	-0.322522161906543	-0.608433675406827	-0.965755272285836	0.381413167709787	2.81631113877568
317	-0.200050381062377	-1.21658399753732	1.13905545791033	0.358127704241148	-0.0512379742846723	2.07836546935317
318	-4.96820759756279	-6.04719682861566	0.272937807390055	0.355151928160466	-5.76582911294859	-0.178113785868468
319	-3.40521360408471	0.0521157955091299	1.0152338276012	-0.750473106646109	-2.50711960905059	0.52030803116805
320	-0.818655614816678	0.887642048841738	-2.11226146861229	-1.42974515863605	-2.47196587394458	-0.833203874473191
321	-3.25750514812164	-1.36287527161812	-0.545413645211752	0.293300245468273	-2.79616828085418	-0.643004887449434
322	0.952253708390916	0.121865844143193	-0.977651522784579	2.06268129736905	0.831225084256321	2.02731668488448
323	1.20818953784539	-1.15351138135989	-1.08026087546639	-1.16960876505377	-1.6962724702139	-0.276537550971835
324	1.27561363008573	1.0640047241556	-0.657486940262941	-0.423063001245805	1.5930468491353	0.54736302497922
325	1.66686191537205	-1.57507857270146	-2.24092849095374	-0.579793707838119	-0.788085511121553	-0.405250909909343
326	-3.57676225980981	0.94256415891228	-0.398544475177514	-1.84144272280279	-0.63114262314697	-3.10747492493664
327	-1.14202749839514	-1.08543010358193	0.328872483556181	-1.36197882277491	-2.08480308623999	-0.0302200704457029
328	-1.7146025871294	-1.08214829916378	-0.938342272388769	-1.43104586017814	-1.26020929987453	-0.238512127310387
329	2.23596506652147	-1.47702880481466	-0.039605149250012	-0.76380563864088	2.53656458488127	3.05535522441178
330	3.20344151752341	-0.689541793946925	0.0990280135937067	-0.143720755381188	-1.20326854401721	1.00142216443369
331	-0.0322678027257633	-1.49196670586776	0.791505696219886	0.714369676769616	-2.58026878116101	3.07383771023201
332	0.69281319572487	1.5315154432979	0.0177904161045819	-0.282791373033709	-0.911829516510061	1.81145693676763
333	0.218648002290832	0.632853740371315	-0.613513892742831	-1.1344096318663	-2.92104583071596	-1.00368960413351
334	2.82152419853049	1.88746893172142	0.364425166600505	0.176767182873218	2.65857111347859	1.73418391246465
335	3.11080467541718	0.827373694300695	-2.15481977972864	1.19674386336539	-0.443150647245553	-1.7802829484343
336	-1.95751840684841	-0.176551284239192	2.51580217465112	1.86966476443884	-2.16264695313565	1.55395294907135
337	1.96892551967027	0.0373984145002432	0.073149969976963	-0.30998949306713	-1.58858222394141	-1.25293436683405
338	-3.00453160423038	0.39762951792144	2.05374967601001	-0.617111337634422	-2.13909162659485	-1.06491915629928
339	0.282881405215716	-1.91157589807135	-1.74978674271602	0.0153921439546349	-1.20794812207181	0.841807746024752
340	1.32554355720185	-0.296971032414527	2.13242649198927	-0.459500965836908	3.28524576902567	1.26088625301901
341	1.33140154735141	1.66940144894672	0.388380111214397	-3.29167386917723	0.529779840473235	-1.53796882659045
342	-0.262845009752163	-1.35926380028124	3.35901905126276	1.25505124217599	-2.29202476963911	2.20876495548618
343	5.72728082079055	4.88713820851627	-2.27285284656524	2.53824747584431	5.57294926357969	2.98260514598831
344	3.33985326820929	2.69501597453636	1.8900521496965	-3.89631884774472	5.24686702473584	-2.04996576757832
345	3.44839715998572	0.661740108652204	-1.51696113787557	3.16061413332825	2.9139793394381	-0.893346052891614
346	-2.88490853192612	-0.899367151894422	-0.390363123380156	1.47762657578491	-1.29855027321085	-1.72770965978636
347	-3.19283091742577	-2.80423398701462	1.41623206347454	-0.209327518073731	-2.69723204929749	-3.06334913949015
348	-1.46608808324619	-2.28139864652345	-2.96750077941645	1.16199933724106	0.585715415384471	1.25910007345485
349	0.335236554477319	2.65924407807165	-0.145012096087326	0.12145654772679	1.71648081819098	-1.76913850301402
350	0.892337133897137	-1.90482630145228	-1.61668642367931	1.09973789238395	-1.67321839127759	-0.192771587324623
351	-0.399330157092239	1.59209849872535	-0.0588796282246876	-2.11522242519655	1.58728227418502	0.771171234753406
352	5.22142376096013	1.14054559244499	-0.600114305346023	-1.26862802692636	4.41988745298435	1.26907440468552
353	-2.59049928559564	-1.18890000193072	0.164544920756988	0.375862403918495	-4.60449547742328	-2.89449184149857
354	-5.96309252969795	-4.6722165141207	2.36042492227233	-0.835378262876488	-0.244049364235352	-3.59273969311294
355	-1.11403307889315	-1.48098319949419	1.19339472982758	0.568371606037997	-1.58993115728488	-0.0545019428078273
356	-1.07733335276455	-0.217183903776753	1.55159259965488	-0.928343319999411	-2.04921951220062	0.272645173252774
357	0.874702385236049	-1.77199156360538	-0.727887659692197	0.809554007351514	1.24832664512643	3.10449516997462
358	-0.68134956981986	-3.32011286500082	-0.395688980795678	-0.282558969075459	-0.545697329945635	2.51043656374706
359	1.85490641523354	-0.821547231355336	-1.15801360563324	-1.63531666696192	-1.56032766246819	0.443011068077918
360	0.821292157968297	1.63144521661178	-0.935783215838857	1.36116170452498	2.95362510924699	0.982986764416576
361	-0.779627160702582	1.13492975790973	1.22598060725931	-0.798271660509132	-1.78901692161154	-0.887533508113385
362	-1.27263418835423	0.377310025476434	-0.025156731260423	-0.428981658863261	-0.397618462210331	-0.193004532118385
363	-3.33081057436859	-4.01426811687916	0.0466448084144703	-0.490646246645655	0.470712412757737	0.65709297699161
364	-1.77475883435932	-0.794647738884377	2.84147370400045	-0.582690048200745	-2.38914474455786	1.43173352045676
365	-0.705022535925258	0.770752038653064	0.777886895581703	-0.468612000451319	-0.148749870521811	1.04938590466187
366	-0.379513468452484	-2.56692142887586	-1.11277230925631	0.981613869232805	-1.88899013914697	1.28146592950732
367	-0.862801100430277	0.529892132684081	-1.4299950423907	1.10496765941105	1.42158490745292	-1.86122274771767
368	-3.96967086469259	-1.93812441590491	-3.90491706217168	1.73601632115964	-1.66109372058932	-1.24712314204097
369	0.359159621445481	-0.126484030880786	-2.81438529467595	-0.0174385379606217	-0.458124443708342	-3.19801812061
370	0.637455377104791	3.41035949231647	2.72953024010902	-1.39896715306155	1.69469198399534	-1.92636874868711
371	-2.45600068126476	-1.43080081294472	-0.767936537818477	-0.14069381731283	-2.52855513390022	-2.3463016303216
372	-0.20668040167329	0.484290541460291	0.729758964128121	-2.01701167010479	0.358350161160348	-1.14955588531066
373	0.121406729908978	-0.66818951162341	-0.652496438059977	2.53517349357005	0.481564448069299	0.828480533431263
374	0.355310526134942	-0.0586412567076319	3.17839331446374	-2.35653380835726	-0.0460111718599846	-1.34227753588582
375	-3.05608773262644	-0.0970493966254296	1.5833315913669	-1.34629945125631	-1.3035420830159	-0.282560830142518
376	-0.499947139966655	-1.69529261099218	0.328650846568137	0.535374923580211	-1.87502517874904	0.776238433330201
377	1.4042507263788	1.24482604207633	3.13611220400491	0.865136367628683	2.73994471662908	-1.30188129411662
378	0.179966761352767	-0.738705337941749	-0.293494212509015	4.62400085984843	-0.643560252467618	1.44640553596711
379	-2.36474880312683	-1.63399764427262	1.65024849485139	0.358540763187098	-3.6707546923366	-0.0437090209300129
380	-3.33156450231913	-0.0434289557069324	0.507540473060115	0.656254058680542	-0.456902904951571	-0.59262310721836
381	-4.16163366533514	2.45695171435269	-0.762649109339328	-0.411953631341121	-3.49034909208001	-5.52887886307183
382	-1.40587480210037	1.24363585922679	-0.414143774327665	1.51949889413531	-2.10849616923826	-1.00716488781988
383	-0.0736164241638526	0.319499760230745	-0.368892699146862	0.507237933793094	0.589503548483877	1.92351911590398
384	-0.760568672238651	-2.98666812845476	1.05425575663262	0.928614346535359	-2.77477276841204	1.62220383378514
385	-3.28455837085039	1.8897676464506	1.57288559707049	3.14606294925958	-2.28130573027301	0.746232869103508
386	-4.78029721032024	0.28722574942569	0.146744226504065	5.12601830828769	-1.35758346472879	-1.53940515083294
387	-0.487113532983601	1.26051801145738	2.25881454017165	0.589043067189673	-0.900298459653573	-0.31937277871004
388	-1.15043248601353	1.49326341630597	-0.726822331373072	0.402754156427128	-0.680965835839776	-2.79310803942108
389	0.15331544818408	0.669173796882031	1.84377170597857	-0.981561535394388	1.14521537591025	1.54927599445828
390	-1.30677209941771	-0.379428543137914	0.995255436283142	0.390808588827267	-1.73620999290336	-0.777551871411242
391	3.45513754360736	-0.460740900321477	-0.167190674814561	-0.547315092011957	2.67340367601233	3.75553688024486
392	-0.672114893644099	1.91397715220632	-0.424651141596106	1.33825993179146	-2.03881952719663	1.34255918791356
393	2.4661820720378	-1.29048287558099	2.29200449474759	1.75971277783569	2.22401727127447	-0.205964815451229
394	-7.07647406019809	-1.85397340434575	-2.81598066354231	4.39232428317164	-5.17293756342855	0.881026644239374
395	-1.08236112116011	0.927595482699561	-0.594972680421926	-3.75659469081658	-0.460347065074149	-4.43509401602774
396	0.767487648774473	-1.2603194509388	-0.993706281629071	-1.69492481079791	-0.823944647894589	-1.38648345016906
397	-2.55792250275299	-1.52746888484347	-1.45614094353251	3.22231955704375	-2.57673962412184	-3.31667393136281
398	1.95488176420365	2.88036968221793	0.895875199752501	0.0434668253819258	2.07896810582892	1.253677152355
399	0.600720573897951	0.463108732473076	-0.0134723467209376	-0.98158437861142	-0.212169565276605	1.21626535876575
400	-1.88059149281496	-0.12855110237164	2.58098353054263	1.62309016583626	-0.546409396693386	-1.18494387281394
401	-0.311249199842658	1.49668088160307	1.79212036324519	0.251582968266163	-1.13129759349898	0.568947988611914
402	-2.06147961126052	0.398971986763817	-2.66893436004684	-0.717243932247168	-1.70101201116164	-1.68200401877036
403	-0.496868326911039	-1.4323673644742	1.29195430689493	0.3900901144666	-3.01279740383334	-1.78396589779236
404	-0.0630704879779742	-0.501347962257871	1.28096314643168	-1.82989215278534	-2.00316054142461	0.877218019362431
405	0.0713765520454035	0.810077053276789	2.13467041329798	-0.0385179198702315	-1.57631589933654	1.5759779432838
406	3.84148100610063	-3.13194541145654	-1.27558898714057	-1.71260912351996	-0.197742518257022	-2.14801708965058
407	0.0388692730772029	1.54916504428802	0.0822774411955627	0.764915413930696	0.894893003449688	0.941511804737234
408	-0.512199984712065	-0.489930395521529	-0.0021823005209413	0.995933292793313	-1.64967559822967	1.55271048819645
409	2.91308050887385	2.6749961185614	-1.87365607631249	-0.0916164893701721	2.23685283590719	-1.20957390382453
410	-2.7746862912588	-0.906509500693139	-0.810197526889181	0.842607614101806	-2.21251473906346	-1.39745003959143
411	0.587498404588257	0.138017355717772	0.18143001388378	-0.47554413651317	0.770262051907485	-0.224783048344744
412	1.22013139428335	-0.892440124477656	-1.44175085284916	1.29973736099106	2.07391725723758	-1.82251609225342
413	2.2844941512974	5.36907720522893	0.142083597645336	-1.09212009950157	1.72260781684918	-3.78889653068513
414	-3.47317067230633	0.279934340888869	2.39053868911676	-2.36349739141927	-0.275430427421892	-3.86827724390398
415	-2.29218621761794	-0.733872895946858	0.595238660196734	-1.38921694090613	-0.5144631850775	2.06947189581091
416	1.00212808851882	-0.111591346120859	1.1176251766717	-0.584063127120598	-1.3890545097443	1.62343316899741
417	-2.17029230994793	-2.25714348412767	-4.40147225531299	1.17435302305451	-3.45707805928818	-0.501934112545865
418	2.91910456328657	-3.25825517639362	0.564333963014841	-1.83729874920188	-0.517052029495175	1.91002757237145
419	-1.36023903028387	0.0631418403841677	-0.479709477457646	-0.406271107679056	0.721052330551825	0.562817696524843
420	-1.47469975631389	-0.223724964249551	-0.317720891469239	-2.03677376841097	-1.18408938913294	0.383660933974649
421	-1.09509141221059	-0.612608803416139	2.31169971185951	-2.80717574614383	1.24045967036858	-1.69023887606654
422	-0.685472690519818	-1.33442081841385	0.180109642226433	1.60435736116915	-3.99575678619867	-0.647910515013317
423	-0.712014006977323	-2.18097286705068	-1.30407081521566	-0.434895523660381	-2.30758972057196	-0.187243536195135
424	-1.19684244833169	-0.0878800377362991	-0.414190405944499	-1.91793703332905	-0.593556582826778	-2.95336155086045
425	-0.0189533071098118	-0.463862332310267	-0.0509170562113907	0.498031968565662	-0.882820421276657	-2.12318984545531
426	0.595620139657438	1.4793785709088	1.15210793811204	-0.746237901297655	2.72826799731404	0.924737433795839
427	-1.35748657100245	-2.02867952168001	0.74711314848264	1.39977143470537	-0.645574862561006	1.33073828109042
428	0.57990849065245	2.15967698960228	1.08658150943604	2.46918932402235	0.0439634114653282	0.796306444016667
429	-1.05329775458437	1.08734317079808	1.22014282721287	-0.808717815461071	-1.43756798351406	-1.12405579961868
430	-0.302265389914992	-2.72543369946438	-1.28277155806537	-0.162196827131492	-1.64262940696068	-0.37691269456752
431	0.262040754875944	-1.44357852727813	-1.01026685229208	1.8051819994336	1.17176281382476	4.27772660603057
432	-5.59531073971103	-0.184170563959239	-0.141094802734076	2.54491741812805	-2.68923285725741	-1.28065177800286
433	-2.75933786034188	0.499069071447771	-3.42844547761923	-0.283874700218656	-2.59904407253272	-0.721605563978464
434	-0.72263161518312	1.9216749820313	1.52410012713451	-2.17023242444601	0.919900115432451	-0.825053788117655
435	-0.931892911051023	-3.76714406089408	-1.33180379104879	1.3593891018895	-1.39043439060828	0.220132629411075
436	-1.52645207766757	-0.915514635801939	-3.06181433141054	-1.0095884872574	-1.49889877647883	-1.70478280104929
437	-4.97126530642982	-1.0040593893858	-0.16647685169391	0.995680411655785	-4.7024010310224	-1.61122982665828
438	0.0550619301937614	1.56905807782729	1.57130101994418	1.40725644099786	-0.376004065041433	-0.190196834996478
439	1.1343477618827	-2.04345679135489	-1.19298043073179	-0.488091901379962	0.0330640680238	0.282904830223277
440	1.44479142753417	0.45767138328512	0.434347231170935	0.0908254237076699	-1.27810618450945	0.378636797363131
441	0.632162770686074	1.06293028907087	1.92162119651003	0.926215576471381	-0.735579278838087	2.28364384690795
442	1.61880148256514	-0.478578790306677	0.916130372346483	0.904912740868841	0.181401673957613	1.15119397652875
443	-0.272953969612717	-1.12194555265662	0.176762921669687	1.24232545927395	0.28206280168214	1.73185604663478
444	-3.67179333747081	-0.823016524280381	-1.41082426817196	2.00723024959047	-1.8293928474401	1.73605638977747
445	-1.07889165097553	-1.59303306513294	-1.06308668277727	-0.993328962814699	-1.64038601956134	1.20950256972929
446	-0.752252621206092	3.37552372152612	1.55017158770457	0.0187401170052788	2.80773641918925	1.06261574115196
447	0.317767155699735	-0.095230960960902	0.824451269705294	-1.79363956252031	-0.905062263172089	-0.411683198978519
448	-0.6972344441412	0.226538137198061	0.759763846480905	-0.136388153785296	-2.3360159506929	0.99157565085756
449	-0.378361584052764	-1.41570295316365	-0.52574536554247	-2.87199548190883	-3.85134571990517	-0.343495952357757
450	-1.40585655266235	2.47544964265934	1.4503753385592	-1.3716232002666	2.10497290073478	1.8046088229171
451	-3.77683573196714	-0.384109129860673	0.586420065279985	1.12527173694161	-3.18556963955296	-5.67484151546952
452	1.7923469792924	2.66277923111536	1.71686306406829	-0.411844899476907	1.68527985668284	0.184777561310688
453	3.69792428814432	-0.271112608667658	0.158518209964387	2.57873345047381	2.33942845912015	2.739488656392
454	-1.21513786526555	1.08796384966231	2.52678439522934	1.20678883382805	3.13834174480792	-2.30710475004828
455	-3.71536049942498	0.0937487986586485	0.974886799035828	-1.47419398788492	-2.05981006095637	-2.15502295232834
456	-1.10051712718196	-1.35140043059843	-0.597791643620216	0.361844763869755	-0.195705861204287	-2.45432806514863
457	-0.616076565568633	2.85692411529311	2.3034832908269	-0.840795304234941	5.00200361610167	-1.87530065970478
458	1.29651683019291	2.34606652792408	0.600161587737947	0.348366663879683	0.566681550833258	-0.592496547134881
459	-2.60098690721022	-2.63312364191554	-0.335344242043982	0.196257260483869	-3.44942543495054	-2.11799891395141
460	-0.55419322396995	-5.13068788322951	-2.29184787333177	1.02462900665469	-0.368114889597517	3.98235103096537
461	-1.94814321999999	-1.02044923713771	0.940889511651561	1.08990003901509	-3.88798564203298	-0.780622144071988
462	0.588259669079754	1.0167902726489	-2.13204890560301	2.31561089099727	0.482565771625248	-4.27201048150302
463	2.00478583069302	-0.236439725975033	-2.37252064891898	-2.03539705761904	2.32785047861721	-0.619785725952729
464	1.08108475997851	1.56595809395376	-0.478429096892367	3.57129122115752	0.115963960129512	-0.536221347323467
465	0.733629139312117	-1.17434977937139	0.275718288011283	1.93227072374288	-0.0683372897531635	-0.045892313940367
466	0.372925850862226	-0.3062540035521	0.972621588096816	2.20988006895436	1.4224150454599	-1.13992516715537
467	4.10229934411195	0.830323156934771	-0.988304510239661	2.28803560782286	3.10967876305429	2.86062454713001
468	-0.590596813177203	0.950386648263212	0.835803230716252	-0.325071163630177	-1.33523932875935	0.413757942923042
469	-1.36681570241599	-2.59098222137195	-1.3782498805713	1.51398734594492	-3.94864412260127	-0.689364253729447
470	-2.83167918616751	-2.30838440236684	2.34486011459191	-1.78897983372657	-1.17483762275135	-0.363099388273782
471	2.32601218404425	-4.25532410123054	-1.20830985319723	0.332148003449645	-0.711937009364212	2.00728213233887
472	-0.0903253476585727	-2.18465291497594	1.1425357643021	-0.125084816594028	-1.58696094763224	0.375289156558984
473	-1.44281053189432	-1.5133457646091	-0.380106706262262	0.121939515814337	-1.47160545232362	-0.348901753719744
474	0.357521529402638	0.915430728722459	-3.41375990129827	-0.233212836391896	-2.47018476237584	0.546417761537745
475	-2.47083053596544	-1.44324765977471	-0.999414429561027	1.94233009945278	-3.89661223013397	1.6774135857431
476	1.41269765319102	-0.413369124604845	-1.03352926112089	0.372145669711975	0.504786914394901	-0.138935303456357
477	0.569735125846826	0.692908732124782	0.893932447885552	1.22303613864157	-1.79027981747613	1.20114180609656
478	-3.20033343465833	0.958448367900188	-2.48266511549063	-0.529402040978479	-4.57542593976423	-2.11349637721061
479	0.861296949612674	-0.238121064740754	-0.219258431653862	-1.3075820956508	-1.7762529239009	-1.0820685837292
480	-2.77605730165983	1.00293636569645	0.145654221023642	-1.14233072823179	-0.422676048271989	-1.38723119644652
481	3.41647108258704	-2.63948361485399	-1.85606301196259	0.416389468811007	-2.83358389345643	-1.55451273168564
482	-0.832857139422943	0.484101401370162	-1.83034998735047	0.978387547368363	-0.60966352505984	-1.63696600215052
483	-0.905288640767845	-1.79236836801458	-2.3640316622305	2.34852422895725	-1.46659353749399	-0.649259565817119
484	-1.01946664729351	-0.56413769211738	1.70506201281955	0.629841260323916	-2.38075517800004	-2.10020720710907
485	0.171399862103584	-1.05406411584295	-0.513334925730374	0.560496671255752	-1.02370698212086	1.02825171931564
486	-3.68297681189462	0.896142053658855	1.42130391180106	2.42063196892228	-1.57817319471199	1.98088435061996
487	-0.365298583609249	-1.39439977449976	-0.412462766672379	-2.76380519207875	0.720483637401652	0.950418231942786
488	-1.32497791955617	-0.216450934487066	-0.121060241830622	-1.22047595815389	0.852434105511277	0.411283794230643
489	0.155704824418783	-1.5643939328368	-2.10169585548502	-1.44099471788929	-2.36673457551922	-1.51494175889081
490	3.70052586603786	-0.331537236753093	-3.14041728989482	1.60226117669833	-0.0616237560543042	1.05881042371414
491	1.81007155553915	-0.749747287622281	0.545101632643742	0.0742313619950897	-0.394965342579417	0.18294642401477
492	2.2072210664447	-2.85007734234438	-1.61740680525186	-2.41790439627553	2.39898778914644	4.81410982534057
493	-0.242468639723755	-0.778839517076982	-0.0940570366029193	-2.20483480980708	0.359857736499611	-1.20783095207713
494	1.34948777354027	-1.42522048079393	1.24352359821301	0.843725570176576	0.32220755672078	-1.86868868931999
495	-3.25052551819162	0.162597058275112	-0.0949485122521092	0.499657055471245	-0.60327605273548	-2.32579025283738
496	-3.35011762045582	-2.23377853266818	-2.20480081634472	2.66314401019516	-4.49577565131159	1.38512826052769
497	-1.13666363524548	-0.200011303277847	-1.30634788183084	1.03678076798746	-1.37201610439941	-2.49112564591443
498	-1.67203083191675	-0.305586122010855	-0.393821301580078	-0.426408325032735	-1.8663010726158	0.841674062069381
499	-0.34915832641672	-1.08336113652408	0.433872491446591	0.704005183995016	1.13177221854468	0.672198762244491
500	1.59014151512039	0.516290948785786	0.76722990182704	-0.308455494649005	1.3274583062128	-1.37313367920125
501	0.284167449485204	-2.23819655678227	0.695706257634415	-1.33193382194796	1.13113068290077	2.12537814160648
502	-3.27078239602518	-2.03373455248646	-1.81645716891643	-0.444521620222898	-1.39714261041841	-1.37432232367802
503	-2.63991981522868	0.108002072641213	-0.290414637807085	-0.930435168778281	-2.08361201332767	-0.518117142251236
504	-1.08703090049236	-0.92200959899233	1.63635185832076	1.18373381550356	-0.755947406298088	0.043504913647298
505	-3.18213327977801	1.60555913751729	-2.62768807614849	-2.47560905380916	-0.211067605667522	-1.0089780677329
506	0.127323872063855	0.492779581692031	1.76389830699451	0.653724324357835	-1.34685322429804	1.5888567628171
507	-1.76822688230851	-0.443230532844855	2.42893824988469	1.03055911730948	-1.16366949764258	3.16155263628939
508	-2.66135104635487	0.426290662759925	-1.04873096724877	1.74848803557409	-2.70361862997273	-1.99426219381057
509	0.240438559423335	-1.62029389619337	-2.57233340667151	1.48918556327731	-2.41202837185918	-0.852548613168181
510	-2.16777272770157	1.84282317040528	-0.0764797044654992	0.546292778246323	-1.25847537374245	-0.413284847634592
511	-1.77707234219227	-1.63938188595949	-1.53753933722412	1.98912800700599	0.3416073857981	0.210177053228861
512	-0.272353769277404	-0.988764881262447	1.9149932726727	2.31927179740065	1.29158821782858	-3.28926690547757
513	0.581390652097264	-2.41835706328055	-1.7613352225448	-2.5036934477217	-1.93384183465686	1.36281621860369
514	-2.27959345877822	-0.962498510625542	0.543721696245094	0.0373944702341379	-1.38724585986576	-0.0848825136320785
515	4.52612319324022	-3.16540987424786	-3.75339757243966	0.461707174599656	2.36758406964091	3.12033427978545
516	-2.42181406454131	-0.128045688204902	2.97514504272034	-0.928606972409203	-1.11505364600014	-0.785502813140505
517	1.28300031221587	0.766885486351043	0.417921444098914	-0.423443747973649	-1.21696042487211	1.49439906363665
518	-1.01463183103536	-0.111431648916068	-0.353504699926454	-2.63154321316969	-1.47778632713482	-0.270510018323799
519	0.465907205679698	-0.334572810660718	-1.69628149979478	1.91508190275004	-4.0066786845048	0.192848730418762
520	-0.738984882368431	-0.0711710587271754	0.715459817340767	0.506522344743394	-3.12186862939569	-1.42903219087788
521	-1.47814463881198	-0.619043845390819	-0.314845189624694	-0.377960451793244	-2.37386831786158	-1.19550636419305
522	-4.82775259285172	-3.55927644228649	-2.04525301245183	1.9632702810121	-6.34475758485398	-0.588029329257912
