,Age,HighestEducation,HeightInches,WeightPounds,DivorceCount,LongestRelationship,RelationshipNumber,ChildrenNumber,HouseholdIncome,RetirementAccount,RetirementPercentStocks,MortgageDebt,CarDebt,EducationDebt,CreditCardDebt,OtherDebtAmount,CoffeeCupsPerDay,TeaCupsPerDay,CaffienatedSodaCansPerDay,CaffieneOtherSourcesDayMG,TrafficTicketsLastYearCount,TrafficAccidentsLifeCount,ArrestedChargedLifeCount
s001,27,3,62,110,0,84,1,1,40000,1.0,0,3.0,1.0,1.0,2.0,1.0,1,0,0,0,0.0,1.0,0.0
s002,35,2,72,240,0,216,1,3,19500,0.0,,1.0,1.0,6.0,5.0,,3,0,0,0,0.0,3.0,0.0
s003,25,4,73,185,0,26,1,0,60000,0.0,,,1.0,3.0,1.0,1.0,1,0,0,90,0.0,1.0,0.0
s004,35,4,71,190,0,36,3,0,81000,0.0,,,1.0,3.0,3.0,,0,0,0,0,0.0,0.0,0.0
s005,36,3,76,175,0,18,5,0,36000,0.0,,1.0,1.0,1.0,1.0,,0,0,0,0,0.0,3.0,5.0
s006,33,5,60,130,0,144,3,3,100000,0.0,,1.0,1.0,1.0,1.0,1.0,1,0,0,0,0.0,0.0,0.0
s007,32,3,64,130,0,84,3,3,98000,0.0,,1.0,1.0,1.0,3.0,,0,0,0,0,0.0,3.0,0.0
s008,32,4,66,275,0,156,2,0,80000,1.0,0,1.0,1.0,1.0,1.0,1.0,0,0,6,100,0.0,2.0,0.0
s009,26,4,72,244,0,17,3,0,8000,0.0,,1.0,1.0,4.0,1.0,1.0,1,2,0,0,0.0,0.0,0.0
s010,44,4,72,165,0,12,4,0,39000,0.0,,1.0,1.0,4.0,4.0,1.0,0,0,1,0,0.0,0.0,0.0
s011,27,3,72,320,1,65,3,0,25000,0.0,0,,,4.0,1.0,5.0,0,0,2,160,0.0,0.0,0.0
s012,36,3,68,268,0,144,4,4,40000,0.0,,1.0,1.0,4.0,1.0,,1,0,0,200,0.0,2.0,0.0
s013,50,3,61,145,0,228,5,0,70000,1.0,75,5.0,1.0,1.0,4.0,4.0,3,1,3,0,0.0,4.0,0.0
s014,28,1,68,240,0,100,2,1,15000,0.0,0,,,,,,0,0,4,120,0.0,0.0,0.0
s015,27,2,75,200,0,36,3,0,24000,1.0,0,1.0,1.0,1.0,1.0,,0,1,1,400,0.0,0.0,0.0
s016,20,3,62,107,0,0,0,0,125000,0.0,,,1.0,3.0,1.0,,1,0,0,0,0.0,0.0,0.0
s017,31,4,69,180,0,36,5,0,45000,1.0,90,1.0,4.0,1.0,1.0,,3,1,0,0,0.0,0.0,0.0
s018,34,6,72,200,0,8,3,4,25000,0.0,,6.0,1.0,7.0,1.0,,2,0,1,0,0.0,0.0,1.0
s019,32,2,55,130,0,170,2,4,65000,0.0,,1.0,7.0,7.0,7.0,3.0,0,0,2,0,0.0,0.0,1.0
s020,25,4,75,315,0,4,2,0,45000,0.0,,5.0,1.0,7.0,2.0,1.0,2,0,2,200,0.0,0.0,0.0
s021,40,2,65,235,0,15,3,0,8000,0.0,,1.0,2.0,1.0,3.0,,0,5,2,0,0.0,1.0,0.0
s023,46,2,70,200,0,81,5,0,17000,0.0,,5.0,1.0,1.0,1.0,1.0,1,7,0,0,0.0,0.0,2.0
s025,39,4,70,168,2,70,5,0,24000,0.0,,1.0,1.0,6.0,2.0,,0,0,0,0,0.0,5.0,0.0
s026,38,4,71,195,0,48,5,0,30000,0.0,0,1.0,7.0,1.0,1.0,1.0,0,0,0,0,0.0,2.0,0.0
s027,30,3,73,210,0,60,2,0,15000,0.0,,1.0,1.0,1.0,1.0,1.0,2,1,0,0,0.0,2.0,0.0
s028,31,4,66,20,0,48,5,4,35000,1.0,,1.0,4.0,4.0,3.0,,2,0,0,0,0.0,2.0,0.0
s029,22,4,65,120,0,2,1,0,40000,0.0,,,,,,,0,0,0,0,0.0,0.0,0.0
s030,27,4,70,155,0,26,5,0,33000,0.0,,1.0,1.0,1.0,2.0,1.0,0,0,0,0,0.0,0.0,0.0
s031,34,4,71,173,0,96,5,2,180000,1.0,35,,,,,,1,0,0,10,0.0,2.0,0.0
s032,38,3,73,240,1,146,6,1,78000,1.0,25,7.0,1.0,1.0,1.0,,2,0,2,0,0.0,2.0,0.0
s033,46,3,70,140,1,84,4,0,40000,0.0,,1.0,1.0,2.0,1.0,1.0,0,1,1,0,0.0,1.0,2.0
s034,28,3,61,199,0,88,5,1,35000,1.0,0,1.0,1.0,3.0,1.0,,1,0,0,0,0.0,1.0,0.0
s035,27,4,65,105,0,67,3,0,69000,1.0,80,1.0,1.0,1.0,2.0,,0,1,0,0,0.0,3.0,0.0
s036,29,5,75,200,0,58,3,0,50000,1.0,20,1.0,3.0,4.0,2.0,5.0,3,0,0,100,0.0,0.0,0.0
s037,57,2,66,180,2,120,5,2,40000,0.0,,,1.0,1.0,3.0,,1,0,1,0,0.0,0.0,0.0
s038,32,3,67,120,0,96,3,0,105000,0.0,,7.0,1.0,1.0,1.0,,0,1,1,0,0.0,0.0,0.0
s039,40,4,69,248,0,264,2,1,149000,1.0,10,,,1.0,1.0,1.0,0,0,0,0,0.0,1.0,0.0
s040,49,3,70,190,0,264,3,2,90000,0.0,,8.0,3.0,5.0,4.0,,0,1,0,20,0.0,3.0,2.0
s041,34,2,65,130,1,85,3,1,5800,0.0,,1.0,7.0,1.0,1.0,1.0,0,0,1,0,0.0,0.0,0.0
s042,28,4,65,125,0,36,2,0,49000,0.0,,1.0,1.0,1.0,1.0,2.0,0,0,0,0,0.0,1.0,0.0
s043,41,3,71,265,0,48,6,0,50000,0.0,,1.0,1.0,4.0,1.0,1.0,1,2,0,0,0.0,4.0,2.0
s044,36,3,62,170,0,132,3,2,55000,0.0,,5.0,3.0,1.0,1.0,,1,0,1,0,0.0,1.0,0.0
s046,25,4,73,245,0,4,2,0,95000,0.0,,7.0,1.0,1.0,1.0,,0,0,0,600,0.0,1.0,0.0
s047,26,4,70,150,0,60,3,0,45000,0.0,,1.0,4.0,1.0,2.0,,0,0,0,0,1.0,0.0,0.0
s048,25,3,70,160,0,0,0,0,33000,0.0,,1.0,1.0,1.0,1.0,,0,0,1,0,0.0,0.0,0.0
s049,59,2,66,175,0,300,1,2,98000,0.0,,,4.0,1.0,2.0,,2,0,1,0,0.0,0.0,0.0
s051,30,3,70,200,0,25,4,0,27888,0.0,,1.0,1.0,3.0,3.0,1.0,0,0,0,0,0.0,3.0,1.0
s052,50,3,65,150,1,81,6,1,42500,0.0,,2.0,3.0,4.0,2.0,,0,0,5,0,0.0,4.0,0.0
s053,44,3,72,190,0,242,5,2,144000,1.0,50,8.0,4.0,1.0,6.0,1.0,0,0,1,200,0.0,1.0,0.0
s054,23,3,66,130,0,12,2,0,18000,0.0,,1.0,1.0,1.0,2.0,1.0,0,0,0,0,0.0,3.0,0.0
s055,52,3,76,180,1,3,6,0,15000,0.0,0,1.0,1.0,1.0,4.0,1.0,0,2,1,250,0.0,0.0,1.0
s056,48,3,76,200,0,120,5,0,48000,1.0,70,1.0,1.0,1.0,4.0,1.0,0,0,1,0,0.0,2.0,0.0
s057,28,4,65,135,0,36,4,0,50000,0.0,,1.0,1.0,1.0,1.0,1.0,2,1,0,0,0.0,0.0,0.0
s058,34,4,59,135,0,0,0,0,40000,1.0,85,1.0,1.0,1.0,1.0,1.0,0,0,0,0,0.0,1.0,0.0
s059,30,3,66,125,1,60,5,1,28000,0.0,,6.0,2.0,6.0,2.0,1.0,3,0,0,0,0.0,1.0,0.0
s060,49,4,64,145,0,24,3,0,25000,0.0,,1.0,1.0,1.0,2.0,,0,4,1,0,0.0,2.0,0.0
s062,26,6,66,132,0,12,2,0,70000,0.0,,1.0,1.0,8.0,2.0,,2,2,4,0,0.0,0.0,0.0
s063,40,3,63,190,0,48,3,4,28000,0.0,,1.0,1.0,3.0,2.0,,1,1,1,0,0.0,2.0,0.0
s064,25,3,73,185,0,36,2,0,20000,0.0,,1.0,1.0,1.0,1.0,1.0,0,0,0,0,0.0,0.0,1.0
s065,28,4,50,114,0,0,0,0,50000,0.0,,1.0,1.0,4.0,1.0,,1,0,2,0,0.0,0.0,0.0
s066,27,4,66,167,0,65,3,2,66000,1.0,3,2.0,6.0,4.0,2.0,,0,0,0,0,0.0,2.0,0.0
s067,37,2,65,160,0,1040,4,2,20000,0.0,,5.0,1.0,6.0,1.0,1.0,0,0,6,0,0.0,0.0,1.0
s068,25,3,71,177,0,0,0,0,20000,0.0,,3.0,3.0,1.0,1.0,,0,3,1,0,0.0,0.0,0.0
s069,32,3,62,105,0,95,5,2,40000,0.0,,2.0,1.0,1.0,1.0,1.0,0,1,1,0,0.0,1.0,0.0
s070,29,3,70,155,0,85,2,0,65000,0.0,,1.0,1.0,1.0,,,0,0,4,0,0.0,1.0,1.0
s071,40,3,64,200,1,140,5,1,99000,1.0,30,6.0,1.0,1.0,1.0,6.0,5,1,0,0,1.0,1.0,0.0
s073,25,2,69,123,0,0,0,0,55000,0.0,,1.0,1.0,1.0,1.0,,0,0,0,25,0.0,1.0,0.0
s074,50,3,61,165,1,229,5,2,17800,1.0,18,3.0,1.0,1.0,3.0,,5,0,0,0,0.0,2.0,0.0
s075,55,3,62,175,2,136,4,0,25500,0.0,,5.0,1.0,1.0,1.0,,0,0,4,0,1.0,1.0,2.0
s076,37,3,65,204,2,144,4,3,19500,0.0,,1.0,1.0,5.0,2.0,2.0,0,0,0,0,1.0,2.0,1.0
s077,30,4,71,170,0,36,4,0,48000,0.0,,,,,,,0,0,0,0,0.0,0.0,0.0
s078,48,3,71,165,1,264,6,5,25000,0.0,,1.0,1.0,1.0,1.0,2.0,8,0,0,0,0.0,0.0,1.0
s079,28,4,71,185,0,77,5,1,28000,0.0,,2.0,1.0,4.0,4.0,,4,0,1,0,0.0,1.0,1.0
s080,43,3,68,175,0,48,3,0,27000,0.0,,1.0,5.0,1.0,1.0,1.0,4,1,0,0,0.0,1.0,0.0
s081,42,4,69,180,0,36,3,0,43800,0.0,,1.0,3.0,1.0,2.0,,0,0,6,0,0.0,0.0,0.0
s082,29,2,70,220,0,0,0,0,30000,0.0,,1.0,1.0,1.0,1.0,1.0,0,0,2,0,0.0,0.0,0.0
s083,50,3,68,265,0,36,6,0,14000,0.0,,1.0,1.0,1.0,1.0,,0,0,5,0,0.0,5.0,4.0
s084,46,3,72,280,0,216,4,3,79000,1.0,20,2.0,1.0,1.0,1.0,,2,1,3,0,0.0,1.0,0.0
s085,36,4,65,135,0,6,3,0,65000,0.0,,1.0,1.0,1.0,1.0,,0,0,0,0,0.0,3.0,0.0
s086,24,4,67,145,0,27,2,0,75000,0.0,,,1.0,5.0,1.0,,0,1,0,0,0.0,0.0,0.0
s087,49,4,65,175,2,204,3,3,15000,0.0,,1.0,1.0,5.0,1.0,,3,0,3,0,0.0,2.0,0.0
s088,27,4,69,160,0,54,1,0,20000,0.0,,1.0,2.0,5.0,1.0,1.0,1,0,2,0,0.0,0.0,0.0
s089,32,3,62,125,0,180,1,2,35000,0.0,,7.0,1.0,1.0,5.0,,0,0,0,0,0.0,2.0,1.0
s090,42,3,63,118,0,270,2,1,47000,0.0,0,6.0,1.0,4.0,1.0,4.0,2,1,0,0,0.0,0.0,0.0
s091,30,4,67,135,0,127,2,0,80000,0.0,,1.0,3.0,3.0,2.0,,3,0,0,0,0.0,0.0,0.0
s092,33,3,66,150,0,144,3,3,80000,1.0,0,1.0,7.0,8.0,3.0,,0,0,2,35,0.0,1.0,0.0
s093,37,3,71,300,0,60,6,1,69999,0.0,,3.0,1.0,1.0,2.0,,0,5,0,0,1.0,2.0,0.0
s094,40,4,71,220,0,48,4,0,25000,0.0,,,,,,,0,0,4,0,0.0,2.0,3.0
s095,46,6,72,190,0,24,6,0,2500,0.0,,2.0,1.0,1.0,1.0,,1,2,1,0,0.0,1.0,0.0
s096,39,4,63,140,0,24,5,0,80000,0.0,,,,,,,0,4,1,0,0.0,1.0,0.0
s097,33,4,63,155,0,62,4,0,62000,0.0,,1.0,1.0,6.0,2.0,,4,1,0,0,0.0,0.0,0.0
s098,26,5,68,140,0,122,6,0,27000,0.0,,1.0,1.0,3.0,1.0,3.0,2,0,1,250,0.0,0.0,0.0
s099,26,4,69,140,0,75,5,1,155000,1.0,,7.0,1.0,1.0,1.0,,1,1,0,0,0.0,0.0,0.0
s100,20,2,72,275,0,6,1,0,80000,0.0,,1.0,1.0,1.0,1.0,1.0,0,0,0,0,0.0,0.0,0.0
s101,32,4,69,173,0,120,4,0,69000,0.0,,,3.0,6.0,3.0,,3,0,3,-12,0.0,1.0,0.0
s102,21,3,66,171,0,65,2,0,25000,0.0,,1.0,,5.0,1.0,,2,1,0,0,0.0,0.0,0.0
s103,31,3,66,141,0,159,4,2,12500,0.0,,1.0,1.0,1.0,1.0,1.0,4,3,0,200,0.0,2.0,0.0
s105,25,1,64,165,0,12,3,0,35000,0.0,,1.0,1.0,1.0,2.0,3.0,0,5,0,0,0.0,0.0,0.0
s106,35,4,69,146,0,26,4,1,25000,0.0,,1.0,1.0,1.0,1.0,,0,0,1,40,0.0,0.0,0.0
s107,35,3,74,195,1,150,1,2,45000,0.0,,1.0,3.0,1.0,3.0,1.0,0,0,0,300,1.0,3.0,1.0
s108,43,3,70,198,0,240,5,1,50000,1.0,70,,1.0,1.0,4.0,,2,0,-1,-4,0.0,1.0,0.0
s109,25,4,70,183,0,60,1,1,40000,1.0,0,1.0,2.0,4.0,2.0,,2,0,0,0,0.0,0.0,0.0
s110,27,3,64,186,0,144,2,1,46000,1.0,0,6.0,2.0,5.0,3.0,1.0,0,5,0,10,0.0,0.0,0.0
s111,37,3,61,150,0,144,5,0,46000,0.0,,1.0,1.0,4.0,,,0,0,5,500,0.0,3.0,2.0
s112,24,4,72,200,0,24,3,0,12000,0.0,,1.0,1.0,1.0,1.0,,0,0,0,0,0.0,0.0,0.0
s113,24,4,66,110,0,58,1,0,60000,0.0,,1.0,1.0,1.0,1.0,,0,0,1,0,0.0,0.0,0.0
s114,27,4,72,170,0,18,2,0,89000,1.0,0,1.0,1.0,1.0,1.0,1.0,2,0,0,0,0.0,2.0,0.0
s115,38,3,62,188,0,2,4,0,70000,0.0,,,1.0,1.0,1.0,1.0,4,0,0,0,0.0,4.0,2.0
s116,45,4,74,300,0,12,4,0,20000,0.0,,1.0,1.0,7.0,1.0,,0,0,6,0,0.0,2.0,1.0
s117,32,3,72,315,0,42,2,0,75500,0.0,,1.0,1.0,1.0,1.0,1.0,4,2,1,0,0.0,0.0,0.0
s118,25,3,74,330,0,48,3,0,50000,0.0,,,,,,,3,3,0,800,0.0,0.0,0.0
s119,25,3,70,160,0,16,1,0,25000,0.0,,1.0,1.0,3.0,1.0,1.0,0,0,0,0,0.0,0.0,0.0
s120,26,4,68,168,0,68,3,0,65000,1.0,10,1.0,3.0,6.0,3.0,1.0,0,0,0,0,0.0,0.0,0.0
s121,36,2,69,155,0,12,3,0,29000,0.0,,1.0,1.0,1.0,1.0,1.0,4,0,0,0,0.0,0.0,0.0
s122,25,3,66,300,0,50,1,0,42000,0.0,,1.0,3.0,4.0,2.0,,2,3,0,0,0.0,2.0,0.0
s123,24,3,69,150,0,29,2,0,45000,0.0,,1.0,1.0,3.0,1.0,,0,0,2,2000,0.0,0.0,0.0
s124,46,3,66,225,0,250,5,2,70000,0.0,,6.0,1.0,1.0,2.0,1.0,3,0,1,0,0.0,2.0,0.0
s125,30,3,66,350,0,24,3,0,24000,0.0,,1.0,3.0,3.0,2.0,,1,0,1,0,0.0,0.0,0.0
s126,34,5,74,210,0,60,3,0,55000,1.0,30,5.0,1.0,1.0,2.0,,1,0,1,0,0.0,0.0,0.0
s127,28,5,73,225,0,120,3,2,85000,0.0,,1.0,1.0,6.0,2.0,,2,0,1,0,0.0,0.0,0.0
s128,26,3,69,225,0,97,4,0,65000,0.0,,1.0,1.0,1.0,4.0,1.0,0,0,0,0,0.0,2.0,0.0
s129,36,3,71,240,0,24,2,0,12000,0.0,,1.0,1.0,1.0,1.0,3.0,0,0,0,0,0.0,0.0,0.0
s130,33,3,64,135,0,201,4,3,140000,0.0,,1.0,1.0,3.0,1.0,1.0,1,3,1,0,0.0,1.0,0.0
s131,38,3,70,180,0,52,2,1,20000,0.0,,1.0,1.0,1.0,1.0,1.0,3,0,0,150,0.0,2.0,0.0
s132,27,3,68,135,0,18,5,0,35000,1.0,20,1.0,1.0,1.0,3.0,,0,0,2,0,0.0,2.0,3.0
s133,29,3,61,120,0,72,5,0,25000,0.0,,1.0,1.0,4.0,1.0,1.0,1,3,1,0,0.0,0.0,0.0
s134,22,3,68,160,0,6,3,0,70000,0.0,,1.0,3.0,2.0,1.0,4.0,3,0,2,0,3.0,0.0,0.0
s135,27,3,68,150,0,60,5,0,29000,1.0,0,1.0,1.0,3.0,3.0,,2,0,0,0,0.0,4.0,0.0
s136,43,4,71,185,0,180,5,2,110000,1.0,50,8.0,3.0,5.0,2.0,,3,0,1,100,0.0,2.0,0.0
s138,27,3,70,140,0,26,3,0,29000,0.0,,1.0,1.0,1.0,1.0,1.0,1,1,0,100,0.0,1.0,0.0
s139,35,3,64,120,0,15,5,0,60000,0.0,,1.0,1.0,5.0,1.0,,2,0,1,0,0.0,2.0,0.0
s140,35,3,69,195,0,24,3,0,30000,0.0,,1.0,2.0,1.0,2.0,1.0,0,0,0,0,0.0,1.0,0.0
s141,24,2,58,154,0,34,1,0,35000,0.0,,,,1.0,2.0,,1,1,2,0,0.0,3.0,0.0
s142,30,4,76,180,0,48,3,0,46000,1.0,12,5.0,1.0,1.0,2.0,1.0,1,0,1,120,1.0,2.0,0.0
s143,28,2,79,300,0,108,2,0,22000,0.0,,,,,,,0,0,3,50,0.0,0.0,0.0
s144,23,3,72,185,0,4,6,0,32000,0.0,0,1.0,1.0,1.0,1.0,1.0,1,1,0,0,0.0,0.0,0.0
s145,24,2,64,185,0,31,3,0,110000,0.0,,5.0,1.0,1.0,1.0,1.0,0,0,1,150,0.0,1.0,0.0
s146,45,3,63,271,0,360,1,2,45000,0.0,,1.0,2.0,3.0,4.0,,0,0,0,0,0.0,2.0,0.0
s147,29,2,64,260,0,64,4,0,81000,1.0,25,1.0,3.0,3.0,3.0,1.0,2,0,0,0,1.0,2.0,1.0
s149,45,6,70,185,1,96,5,0,115000,1.0,75,1.0,1.0,5.0,1.0,1.0,1,0,0,0,0.0,2.0,0.0
s150,28,3,63,172,0,156,1,2,45230,0.0,,6.0,7.0,1.0,4.0,1.0,0,0,1,0,0.0,2.0,0.0
s151,34,2,70,190,0,150,3,0,20000,0.0,,1.0,1.0,1.0,1.0,,0,3,0,0,0.0,0.0,0.0
s152,43,4,67,160,0,36,2,0,30000,0.0,,1.0,1.0,1.0,2.0,1.0,0,0,0,0,0.0,0.0,1.0
s153,31,2,70,170,0,24,4,0,45000,1.0,70,1.0,2.0,1.0,1.0,1.0,3,0,2,600,0.0,2.0,0.0
s154,47,4,69,165,0,311,4,2,132000,1.0,90,8.0,1.0,1.0,1.0,1.0,0,1,1,0,0.0,3.0,2.0
s155,33,2,60,167,0,168,5,0,29000,0.0,,1.0,1.0,1.0,2.0,1.0,5,0,0,0,0.0,0.0,0.0
s156,37,3,72,198,0,50,6,0,74000,1.0,20,1.0,1.0,1.0,1.0,1.0,2,0,0,300,0.0,3.0,1.0
s157,50,4,68,180,0,240,5,1,106000,1.0,50,5.0,1.0,1.0,1.0,,2,0,1,0,0.0,2.0,0.0
s158,27,3,67,165,0,102,2,0,60000,0.0,,1.0,3.0,1.0,4.0,,5,0,0,0,0.0,0.0,0.0
s160,50,3,72,200,0,83,5,0,42000,0.0,,1.0,1.0,6.0,1.0,1.0,0,2,4,20,0.0,0.0,0.0
s161,30,3,65,250,0,137,5,0,68000,1.0,50,1.0,3.0,3.0,1.0,1.0,2,1,0,0,0.0,1.0,0.0
s162,26,2,70,170,0,5,3,0,45000,1.0,80,1.0,1.0,1.0,1.0,1.0,1,0,1,0,0.0,0.0,0.0
s163,44,4,76,193,0,10,4,4,99000,1.0,99,6.0,3.0,1.0,1.0,1.0,0,0,0,0,0.0,2.0,0.0
s165,31,4,70,150,0,0,0,0,24000,0.0,,1.0,3.0,1.0,1.0,,0,0,0,0,0.0,1.0,0.0
s166,39,2,71,165,0,56,3,0,44000,0.0,,1.0,1.0,1.0,1.0,1.0,0,0,0,0,0.0,1.0,0.0
s167,34,4,65,165,0,109,4,0,60000,1.0,95,7.0,1.0,4.0,2.0,,0,0,0,0,0.0,5.0,0.0
s168,33,4,62,135,0,147,4,0,75000,1.0,90,1.0,1.0,1.0,3.0,,1,0,0,0,0.0,1.0,0.0
s169,36,4,67,123,1,121,2,2,24000,0.0,,1.0,1.0,2.0,6.0,1.0,2,0,0,60,0.0,0.0,0.0
s170,32,4,69,145,0,55,2,0,5000,0.0,,,1.0,,1.0,1.0,3,0,0,0,0.0,0.0,0.0
s171,27,3,70,168,0,48,4,0,12000,0.0,,1.0,1.0,3.0,1.0,,4,0,0,0,0.0,1.0,0.0
s172,29,3,72,310,1,62,5,0,12000,0.0,,1.0,1.0,3.0,1.0,,3,0,2,0,1.0,2.0,0.0
s173,26,3,67,135,0,24,2,0,40000,0.0,,1.0,1.0,4.0,1.0,1.0,1,0,1,0,0.0,0.0,0.0
s174,29,2,66,140,0,48,2,0,15000,0.0,,4.0,1.0,1.0,1.0,1.0,0,0,1,1,0.0,0.0,0.0
s175,30,4,67,150,0,48,5,0,40000,0.0,,1.0,1.0,1.0,1.0,3.0,1,0,0,0,0.0,2.0,3.0
s176,20,2,71,275,0,3,1,0,29000,0.0,,1.0,1.0,1.0,2.0,1.0,1,0,0,0,0.0,0.0,0.0
s177,37,3,68,214,0,8,1,0,34000,0.0,,1.0,1.0,3.0,1.0,1.0,0,0,0,0,0.0,1.0,0.0
s178,32,4,66,180,0,132,2,0,75000,1.0,50,8.0,4.0,1.0,3.0,,1,0,0,0,0.0,1.0,0.0
s179,30,3,67,190,0,126,2,5,35000,0.0,,1.0,3.0,5.0,1.0,1.0,0,0,5,0,0.0,1.0,0.0
s180,33,4,68,180,0,60,5,0,19500,0.0,,1.0,1.0,4.0,1.0,,1,0,0,0,0.0,0.0,0.0
s181,32,3,62,160,1,8,3,3,13000,0.0,,1.0,1.0,4.0,1.0,,0,2,3,0,0.0,2.0,0.0
s182,26,4,69,299,0,3,1,0,60000,0.0,,,,3.0,,,0,0,0,0,0.0,0.0,0.0
s183,33,2,70,162,0,30,3,0,55.000,0.0,,1.0,1.0,1.0,1.0,,0,0,0,0,0.0,1.0,0.0
s184,48,4,64,160,0,60,4,2,63000,1.0,65,8.0,1.0,4.0,3.0,1.0,3,0,1,0,0.0,3.0,0.0
s185,35,5,72,175,0,122,6,2,104000,1.0,50,7.0,1.0,4.0,1.0,,3,0,0,0,0.0,1.0,2.0
s186,39,4,76,210,0,144,5,4,74000,1.0,10,8.0,3.0,1.0,3.0,,1,2,1,0,0.0,3.0,0.0
s187,28,4,69,206,0,38,2,0,48500,0.0,,1.0,1.0,3.0,2.0,1.0,3,0,2,75,0.0,0.0,0.0
s188,31,3,72,250,0,46,3,0,30000,0.0,0,1.0,3.0,1.0,3.0,1.0,3,0,0,0,0.0,0.0,0.0
s189,29,3,67,140,0,8,4,0,65000,0.0,,1.0,1.0,2.0,1.0,,0,0,2,0,0.0,0.0,0.0
s190,29,4,67,155,0,38,4,0,56500,0.0,0,4.0,1.0,3.0,1.0,1.0,2,0,0,150,0.0,0.0,0.0
s191,30,3,72,180,0,75,3,0,50000,0.0,,2.0,1.0,3.0,2.0,3.0,0,1,0,20,1.0,3.0,0.0
s192,31,4,65,110,0,88,2,0,75000,0.0,,1.0,4.0,1.0,2.0,,1,0,0,0,0.0,0.0,0.0
s193,30,4,67,150,1,120,3,0,50000,1.0,0,6.0,2.0,2.0,2.0,,3,1,0,0,0.0,0.0,0.0
s194,31,3,72,280,0,96,4,1,95000,1.0,80,1.0,5.0,1.0,1.0,,0,0,1,0,0.0,1.0,0.0
s195,44,4,73,190,0,24,5,0,26000,0.0,,1.0,1.0,4.0,2.0,5.0,3,0,0,0,0.0,1.0,1.0
s196,39,4,65,175,0,192,5,2,35000,0.0,,1.0,7.0,1.0,2.0,1.0,3,0,0,0,0.0,1.0,0.0
s197,25,4,71,205,0,69,5,0,70000,1.0,75,1.0,1.0,1.0,3.0,,0,0,0,0,0.0,3.0,1.0
s198,27,2,68,122,0,22,5,0,19500,0.0,0,1.0,1.0,1.0,1.0,,0,0,1,0,0.0,0.0,0.0
s199,23,3,75,145,0,108,5,0,19000,0.0,,1.0,1.0,4.0,1.0,7.0,0,0,3,0,1.0,1.0,5.0
s200,38,5,65,160,0,144,5,4,74000,1.0,5,8.0,3.0,5.0,1.0,,0,1,0,0,0.0,2.0,0.0
s201,48,4,65,150,1,204,6,2,44900,1.0,27,1.0,5.0,3.0,1.0,1.0,16,1,0,0,0.0,2.0,0.0
s202,26,5,73,155,0,7,5,0,27500,0.0,,1.0,1.0,5.0,1.0,,,,,,,,
s203,50,4,67,150,0,108,6,0,70000,1.0,100,1.0,1.0,,2.0,,0,2,0,0,0.0,0.0,0.0
s204,26,3,70,180,0,78,1,3,32000,0.0,,1.0,1.0,4.0,1.0,,0,0,2,200,0.0,0.0,0.0
s205,33,2,67,120,0,65,2,0,23000,0.0,,1.0,1.0,1.0,1.0,,0,3,1,0,0.0,0.0,0.0
s206,27,2,62,135,0,26,4,1,25600,0.0,,1.0,1.0,1.0,1.0,,0,0,0,0,0.0,3.0,4.0
s207,33,4,64,118,0,153,1,2,4400,0.0,,1.0,1.0,1.0,1.0,,0,0,0,0,0.0,1.0,0.0
s208,31,3,71,250,0,48,1,0,50000,0.0,,1.0,1.0,6.0,1.0,1.0,0,0,1,92,2.0,1.0,4.0
s209,42,3,68,210,1,48,5,3,23500,0.0,,1.0,1.0,1.0,2.0,2.0,0,0,1,0,0.0,2.0,1.0
s210,33,3,70,150,0,66,4,1,35000,0.0,,1.0,1.0,1.0,2.0,4.0,0,0,0,0,0.0,0.0,2.0
s211,43,6,70,170,0,90,4,0,62000,0.0,0,5.0,1.0,,1.0,,0,4,0,4,0.0,2.0,0.0
s212,32,4,65,160,0,36,3,0,77000,0.0,,1.0,2.0,6.0,2.0,1.0,0,2,0,0,0.0,2.0,0.0
s213,43,3,62,130,0,292,4,3,21000,0.0,,1.0,1.0,5.0,2.0,1.0,0,0,5,200,0.0,1.0,2.0
s214,45,5,70,165,2,120,5,0,24000,0.0,,1.0,1.0,2.0,1.0,4.0,0,3,0,0,0.0,3.0,1.0
s215,46,2,58,240,0,286,1,1,19000,0.0,,4.0,1.0,1.0,1.0,1.0,0,0,3,10,0.0,0.0,0.0
s216,47,4,66,180,1,168,5,2,31000,0.0,,1.0,1.0,3.0,1.0,,8,2,2,0,0.0,1.0,0.0
s217,26,4,76,225,0,47,4,0,50000,0.0,,1.0,3.0,1.0,1.0,,0,5,2,80,0.0,0.0,0.0
s218,38,4,70,175,1,60,4,3,64000,1.0,3,6.0,2.0,1.0,2.0,1.0,3,0,0,0,0.0,2.0,0.0
s219,34,3,75,192,0,157,2,0,4000,0.0,,4.0,1.0,3.0,3.0,,0,0,2,0,0.0,2.0,1.0
s220,36,4,72,200,0,14,2,0,15000,0.0,0,1.0,1.0,4.0,2.0,1.0,5,0,0,0,0.0,0.0,0.0
s221,29,3,63,122,1,84,3,0,175000,0.0,,6.0,1.0,3.0,1.0,,3,1,0,0,0.0,5.0,0.0
s222,32,4,69,215,0,0,0,0,15000,1.0,0,1.0,1.0,1.0,3.0,,0,0,0,0,0.0,2.0,0.0
s223,45,4,72,178,0,96,4,1,42500,1.0,25,1.0,1.0,1.0,2.0,,5,2,0,0,0.0,1.0,0.0
s224,27,4,72,178,0,6,2,0,40000,1.0,80,1.0,1.0,3.0,1.0,,0,0,0,195,0.0,0.0,5.0
s225,40,4,68,145,0,204,2,2,110000,1.0,50,7.0,4.0,1.0,1.0,,1,0,1,0,0.0,1.0,0.0
s226,30,4,60,125,1,70,4,2,76000,0.0,,1.0,1.0,3.0,2.0,,1,0,0,0,1.0,0.0,0.0
s227,37,5,77,245,0,44,4,3,70000,1.0,66,7.0,1.0,1.0,1.0,,2,0,0,0,0.0,0.0,0.0
s228,36,2,65,170,0,24,4,0,12000,0.0,,1.0,1.0,4.0,4.0,,0,0,0,0,0.0,4.0,0.0
s229,28,4,68,129,0,25,4,0,89000,1.0,36,7.0,1.0,,,,1,0,0,400,1.0,2.0,0.0
s230,46,4,74,270,0,30,5,0,50000,1.0,60,1.0,1.0,4.0,3.0,,1,2,3,0,0.0,2.0,0.0
s231,37,2,65,137,0,168,5,3,49999,0.0,,1.0,3.0,1.0,2.0,,1,0,0,0,0.0,1.0,0.0
s232,26,6,68,170,0,48,4,0,65000,0.0,,1.0,1.0,8.0,4.0,,1,0,0,50,0.0,3.0,0.0
s233,42,3,65,240,0,8,6,0,23000,0.0,,1.0,1.0,1.0,2.0,,0,0,0,65,0.0,5.0,0.0
s234,29,3,63,240,0,155,2,5,80000,1.0,3,7.0,5.0,1.0,5.0,3.0,0,2,1,0,0.0,5.0,0.0
s235,29,3,63,180,0,96,5,0,49000,0.0,0,1.0,4.0,4.0,3.0,1.0,0,0,1,36,0.0,2.0,0.0
s236,50,4,67,145,0,120,4,1,53000,1.0,40,5.0,1.0,1.0,1.0,1.0,5,0,0,0,0.0,1.0,0.0
s237,31,3,70,210,1,60,4,1,18000,0.0,,1.0,2.0,3.0,2.0,,2,0,2,0,0.0,1.0,3.0
s238,23,2,64,164,0,4,3,4,45000,1.0,0,3.0,3.0,1.0,1.0,1.0,4,0,2,300,0.0,0.0,0.0
s239,29,3,71,197,0,15,2,0,25000,0.0,,,,3.0,2.0,,4,0,2,4000,0.0,1.0,0.0
s240,25,3,67,150,0,6,0,0,20000,0.0,0,3.0,3.0,3.0,2.0,,1,0,1,0,0.0,1.0,0.0
s241,25,3,75,220,0,12,6,0,15000,0.0,,1.0,1.0,1.0,1.0,,1,0,3,0,0.0,0.0,0.0
s242,27,4,72,145,0,36,5,0,20000,0.0,,1.0,1.0,1.0,1.0,,2,0,0,190,0.0,2.0,1.0
s243,24,4,67,145,0,5,1,0,15000,0.0,,1.0,2.0,5.0,2.0,,1,0,0,0,0.0,0.0,0.0
s244,37,4,68,150,0,120,5,0,2500,0.0,,1.0,1.0,4.0,3.0,,4,2,0,0,0.0,5.0,0.0
s245,41,4,66,200,0,60,5,0,22000,1.0,40,1.0,1.0,5.0,4.0,,5,0,0,0,0.0,2.0,0.0
s246,26,2,66,212,0,64,3,2,60000,1.0,0,2.0,2.0,1.0,2.0,1.0,1,0,2,0,0.0,0.0,0.0
s247,46,4,75,210,1,196,5,1,125000,1.0,85,7.0,1.0,1.0,3.0,,2,0,0,250,0.0,1.0,1.0
s248,44,4,66,150,0,288,2,4,98000,1.0,40,7.0,1.0,1.0,1.0,,0,0,6,0,0.0,2.0,0.0
s249,29,4,70,165,0,36,2,0,30000,0.0,0,1.0,3.0,1.0,3.0,,1,1,2,200,3.0,2.0,2.0
s250,31,3,66,135,0,36,5,0,37500,0.0,,1.0,1.0,1.0,1.0,,0,5,0,0,0.0,1.0,0.0
s251,26,4,70,160,0,58,2,0,30000,0.0,,1.0,1.0,1.0,1.0,1.0,0,0,0,0,0.0,1.0,2.0
s252,31,2,68,230,0,18,4,0,36000,0.0,,6.0,1.0,1.0,1.0,,8,0,0,0,0.0,0.0,2.0
s253,24,3,62,165,0,6,2,0,45000,0.0,,1.0,1.0,1.0,1.0,4.0,2,1,0,15,0.0,0.0,0.0
s254,50,3,65,210,2,202,5,2,140000,1.0,0,8.0,2.0,3.0,8.0,3.0,0,3,0,40,0.0,5.0,0.0
s255,37,3,72,160,0,12,1,0,29000,1.0,100,5.0,1.0,1.0,1.0,1.0,3,1,0,0,0.0,0.0,0.0
s256,26,4,63,125,0,77,2,0,65000,0.0,,1.0,1.0,1.0,4.0,1.0,1,0,0,0,0.0,2.0,1.0
s257,28,4,69,165,0,15,2,0,10000,0.0,,1.0,1.0,4.0,1.0,,1,0,1,0,0.0,1.0,0.0
s258,30,3,62,197,0,60,3,1,20000,0.0,,1.0,1.0,1.0,2.0,,1,1,0,200,0.0,0.0,0.0
s259,26,3,66,120,0,9,5,0,23000,0.0,,1.0,1.0,1.0,2.0,4.0,0,4,2,0,0.0,4.0,0.0
s260,39,4,67,235,0,90,2,1,75000,1.0,80,1.0,3.0,4.0,2.0,,0,4,0,0,0.0,3.0,0.0
s261,23,1,63,171,0,48,1,0,30000,0.0,,1.0,1.0,1.0,1.0,1.0,1,0,0,0,0.0,0.0,0.0
s262,36,4,62,112,0,40,3,0,60000,1.0,70,,1.0,4.0,1.0,,1,0,0,0,0.0,1.0,0.0
s263,23,3,70,195,0,12,2,0,54000,0.0,,1.0,4.0,5.0,3.0,,0,0,0,0,0.0,1.0,0.0
s264,22,3,65,119,0,39,1,0,55000,0.0,,1.0,2.0,2.0,1.0,2.0,0,0,2,250,0.0,0.0,0.0
s265,37,5,68,190,0,160,3,2,92500,1.0,50,7.0,4.0,1.0,4.0,4.0,3,0,0,0,0.0,1.0,1.0
s266,41,4,72,190,0,264,4,2,65000,1.0,90,7.0,4.0,1.0,3.0,,1,1,0,0,0.0,2.0,0.0
s267,40,3,67,195,1,240,3,4,60000,1.0,25,1.0,1.0,1.0,1.0,1.0,3,0,2,0,0.0,1.0,2.0
s268,38,2,61,115,0,216,5,2,105000,1.0,20,7.0,1.0,1.0,3.0,1.0,0,0,3,200,1.0,3.0,0.0
s269,28,4,67,140,0,60,4,0,60000,1.0,40,1.0,3.0,5.0,2.0,,1,2,3,600,0.0,2.0,1.0
s270,37,4,62,98,1,120,5,1,25000,0.0,,1.0,1.0,3.0,1.0,1.0,3,2,2,0,0.0,4.0,2.0
s271,23,2,77,195,0,44,1,0,45000,0.0,,1.0,1.0,1.0,1.0,,0,0,0,0,0.0,0.0,0.0
s272,26,4,70,158,0,24,2,0,40000,0.0,,3.0,3.0,2.0,3.0,,1,1,2,100,2.0,1.0,1.0
s273,33,4,64,130,0,8,5,0,48000,1.0,30,1.0,1.0,1.0,2.0,,2,1,0,0,0.0,3.0,0.0
s274,41,4,79,245,0,18,3,0,22000,0.0,,1.0,1.0,5.0,5.0,,2,2,0,0,0.0,3.0,0.0
s275,34,3,71,165,0,6,3,0,55000,1.0,5,1.0,1.0,1.0,2.0,1.0,2,0,3,350,0.0,0.0,0.0
s276,39,4,72,190,0,120,5,2,59000,1.0,40,6.0,1.0,1.0,1.0,,3,1,2,0,1.0,2.0,2.0
s277,27,3,63,120,0,73,1,0,40000,0.0,0,1.0,1.0,1.0,2.0,5.0,2,0,0,150,1.0,0.0,0.0
s278,37,3,64,165,0,86,5,0,58000,0.0,,1.0,1.0,5.0,1.0,1.0,2,0,0,0,0.0,5.0,0.0
s279,24,2,60,156,0,28,1,1,23000,0.0,,1.0,6.0,1.0,1.0,1.0,2,1,0,0,0.0,0.0,0.0
s280,28,4,69,136,0,35,1,1,90000,0.0,,1.0,3.0,1.0,1.0,3.0,1,2,0,0,1.0,0.0,0.0
s282,50,2,74,212,1,90,5,3,50000,0.0,,6.0,2.0,1.0,1.0,,2,0,2,0,0.0,4.0,2.0
s283,28,3,72,264,0,0,0,0,75000,0.0,,1.0,1.0,1.0,1.0,1.0,0,0,1,0,0.0,0.0,0.0
s284,35,3,64,160,0,12,2,0,60000,0.0,,1.0,1.0,1.0,1.0,1.0,0,0,3,114,0.0,1.0,0.0
s285,44,4,65,240,0,7,4,0,31000,1.0,40,5.0,1.0,1.0,1.0,,2,0,1,0,0.0,0.0,0.0
s286,31,4,72,140,0,18,5,0,30000,1.0,7000,1.0,1.0,1.0,1.0,1.0,4,0,0,500,0.0,0.0,0.0
s288,28,3,75,285,0,3,2,0,24000,0.0,,,1.0,2.0,1.0,1.0,0,0,0,0,0.0,2.0,0.0
s289,33,2,65,132,0,13,4,0,55000,0.0,,1.0,1.0,1.0,2.0,,3,0,0,200,1.0,0.0,0.0
s290,21,2,66,117,0,16,5,0,14000,0.0,,1.0,1.0,1.0,1.0,,0,0,0,0,0.0,0.0,0.0
s291,30,4,61,115,0,84,4,0,103000,0.0,,3.0,1.0,1.0,3.0,1.0,1,0,0,180,0.0,2.0,0.0
s292,37,3,67,220,0,266,1,4,110000,1.0,100,8.0,4.0,5.0,4.0,,0,2,0,200,0.0,1.0,0.0
s293,26,3,64,125,0,5,3,0,75000,0.0,,1.0,1.0,5.0,1.0,,1,0,0,0,0.0,0.0,0.0
s294,23,3,69,160,0,40,1,0,5000,0.0,,1.0,1.0,1.0,1.0,,1,2,0,0,0.0,0.0,0.0
s295,26,3,63,160,0,35,2,0,70000,0.0,,5.0,1.0,1.0,1.0,5.0,3,0,0,0,1.0,0.0,1.0
s296,32,4,60,155,0,38,5,0,50000,0.0,0,1.0,1.0,2.0,2.0,1.0,1,1,0,0,0.0,2.0,0.0
s297,40,3,67,150,1,84,5,3,49000,1.0,0,1.0,3.0,4.0,1.0,2.0,5,1,2,0,0.0,2.0,0.0
s298,35,4,74,250,0,36,5,0,60000,0.0,,1.0,1.0,5.0,1.0,,1,1,0,0,0.0,0.0,0.0
s299,36,4,66,155,0,26,3,0,55000,1.0,75,,1.0,1.0,1.0,1.0,2,1,0,0,0.0,0.0,0.0
s301,27,4,68,200,0,18,1,0,37000,0.0,,,1.0,4.0,1.0,,0,0,0,0,0.0,3.0,0.0
s302,31,5,68,164,0,84,2,2,112000,1.0,100,7.0,4.0,5.0,1.0,,3,0,1,0,0.0,0.0,0.0
s303,22,4,69,150,0,20,2,0,80000,0.0,,1.0,1.0,2.0,1.0,,2,0,0,50,0.0,1.0,0.0
s304,44,3,68,200,0,195,5,0,23000,0.0,,1.0,1.0,1.0,2.0,,10,0,0,0,0.0,0.0,0.0
s305,28,3,74,250,0,56,5,0,30000,0.0,,1.0,4.0,1.0,1.0,,0,0,0,0,0.0,3.0,0.0
s307,28,4,69,168,0,38,5,0,48000,0.0,,6.0,1.0,5.0,1.0,,3,0,0,0,0.0,1.0,0.0
s308,32,4,74,250,0,120,5,1,80000,1.0,20,7.0,3.0,4.0,2.0,,0,0,1,0,0.0,1.0,0.0
s309,41,4,70,200,0,250,2,2,97500,1.0,20,8.0,3.0,1.0,2.0,1.0,0,1,0,0,0.0,1.0,0.0
s311,30,4,65,180,0,20,4,0,20000,0.0,,,1.0,1.0,2.0,,0,1,1,0,0.0,0.0,0.0
s312,32,3,68,170,0,3,1,0,50000,0.0,,1.0,1.0,1.0,1.0,,1,1,0,10,0.0,0.0,0.0
s313,23,3,67,180,0,0,0,0,22000,0.0,,1.0,1.0,1.0,1.0,,0,0,0,0,0.0,0.0,0.0
s314,27,4,78,325,0,16,1,0,30000,0.0,,1.0,1.0,6.0,1.0,,0,0,2,8,0.0,0.0,0.0
s315,28,3,62,160,0,9,2,1,40000,0.0,,3.0,1.0,2.0,2.0,3.0,5,0,1,0,0.0,0.0,0.0
s316,31,3,71,143,0,73,2,0,64000,1.0,0,1.0,1.0,1.0,1.0,1.0,1,0,0,0,0.0,2.0,0.0
s317,28,2,65,175,0,102,4,1,32000,0.0,,1.0,3.0,1.0,1.0,,3,0,0,0,0.0,0.0,0.0
s319,36,3,69,260,0,24,4,1,19000,0.0,,1.0,1.0,4.0,2.0,,3,0,2,0,0.0,3.0,0.0
s320,27,3,72,275,0,45,4,0,25000,0.0,,3.0,1.0,5.0,1.0,,1,2,1,0,0.0,0.0,0.0
s321,23,2,64,220,0,0,0,0,20900,0.0,,1.0,1.0,1.0,3.0,1.0,3,0,1,0,0.0,0.0,1.0
s322,32,4,63,160,0,67,5,0,10000,0.0,,1.0,1.0,5.0,1.0,2.0,0,0,4,0,0.0,3.0,0.0
s323,34,2,69,175,0,36,5,0,37000,0.0,,2.0,1.0,1.0,1.0,,0,0,0,300,0.0,5.0,5.0
s324,28,2,70,170,0,64,3,0,95000,0.0,,1.0,1.0,1.0,7.0,,0,0,0,0,0.0,1.0,0.0
s325,42,4,62,130,0,120,4,1,60000,0.0,,1.0,3.0,1.0,3.0,,1,1,0,0,0.0,0.0,0.0
s326,43,2,64,135,0,132,4,0,33000,0.0,,1.0,2.0,2.0,2.0,1.0,4,0,0,100,0.0,0.0,0.0
s327,26,2,64,150,0,65,3,0,42000,0.0,,6.0,1.0,1.0,2.0,4.0,2,0,0,0,0.0,4.0,0.0
s328,25,3,67,130,0,64,3,0,37000,0.0,,1.0,3.0,1.0,2.0,,0,2,1,0,0.0,1.0,0.0
s329,32,3,65,240,0,91,3,0,41000,0.0,,1.0,3.0,1.0,2.0,,0,2,4,0,0.0,2.0,0.0
s330,24,4,66,169,0,17,6,0,24000,0.0,,5.0,1.0,5.0,2.0,,2,0,0,0,0.0,1.0,0.0
s331,24,4,59,110,0,65,2,0,40000,0.0,,1.0,1.0,4.0,3.0,1.0,1,0,1,0,0.0,0.0,0.0
s332,27,3,74,160,0,36,5,0,25000,0.0,,2.0,1.0,1.0,1.0,1.0,5,1,0,0,0.0,0.0,1.0
s333,25,3,72,200,0,84,3,0,15000,0.0,,1.0,1.0,4.0,2.0,,1,1,0,0,0.0,1.0,0.0
s334,33,3,63,150,0,84,4,1,69000,1.0,50,7.0,3.0,1.0,2.0,1.0,2,0,1,600,0.0,2.0,1.0
s335,33,3,68,148,0,44,5,1,30000,0.0,,1.0,4.0,1.0,2.0,4.0,0,0,3,0,1.0,3.0,0.0
s336,26,4,70,230,0,15,1,0,35000,0.0,,1.0,1.0,3.0,1.0,1.0,1,3,0,0,0.0,0.0,0.0
s337,34,5,67,362,0,42,3,0,52000,1.0,60,6.0,4.0,7.0,4.0,2.0,0,0,0,0,0.0,2.0,0.0
s338,40,4,67,130,0,32,4,0,15000,0.0,,1.0,1.0,1.0,1.0,1.0,3,0,0,0,0.0,1.0,0.0
s339,28,3,65,190,0,84,3,2,74000,0.0,,7.0,4.0,1.0,3.0,,2,5,0,0,0.0,1.0,0.0
s340,29,4,71,190,0,42,5,2,62000,0.0,,1.0,1.0,4.0,3.0,,1,0,0,200,0.0,2.0,0.0
s341,31,3,66,200,0,120,3,1,60000,1.0,20,1.0,1.0,3.0,1.0,,0,0,2,0,0.0,1.0,0.0
s342,27,3,67,170,0,12,3,0,10000,0.0,,1.0,1.0,3.0,2.0,2.0,2,0,3,500,0.0,0.0,0.0
s343,20,3,61,126,0,48,1,0,11000,0.0,,1.0,1.0,3.0,1.0,,1,0,0,0,0.0,1.0,0.0
s344,30,4,67,150,0,78,3,0,55000,0.0,,1.0,3.0,4.0,1.0,,2,0,0,0,0.0,1.0,0.0
s345,21,3,74,165,0,18,4,0,20000,0.0,,1.0,1.0,1.0,1.0,,0,0,0,0,0.0,0.0,0.0
s346,42,4,75,210,0,120,3,2,85000,1.0,10,6.0,4.0,2.0,1.0,6.0,0,0,1,0,0.0,0.0,0.0
s347,22,4,73,210,0,42,2,0,67000,1.0,40,1.0,1.0,1.0,2.0,2.0,3,0,2,0,0.0,0.0,0.0
s348,31,3,69,190,0,24,4,0,30000,1.0,10,1.0,1.0,1.0,1.0,1.0,2,0,0,1,0.0,1.0,0.0
s349,33,6,78,300,0,121,2,0,75000,0.0,,1.0,1.0,5.0,3.0,,0,0,0,0,0.0,2.0,0.0
s350,35,4,69,165,0,120,5,1,60000,0.0,0,1.0,3.0,1.0,3.0,1.0,0,0,1,300,0.0,0.0,0.0
s351,34,2,64,132,0,18,4,0,35000,0.0,,1.0,3.0,1.0,1.0,,0,0,1,121,1.0,1.0,0.0
s352,25,4,69,200,0,120,1,2,50000,0.0,,1.0,4.0,4.0,2.0,1.0,1,1,5,0,0.0,0.0,0.0
s353,26,2,53,150,0,64,3,3,20000,0.0,,1.0,1.0,1.0,1.0,1.0,3,0,1,10,0.0,1.0,0.0
s354,35,3,66,170,0,210,2,5,49999,1.0,50,8.0,1.0,7.0,3.0,1.0,1,0,3,0,0.0,2.0,1.0
s355,32,4,73,220,0,12,1,0,70000,0.0,,1.0,1.0,1.0,1.0,1.0,0,0,0,15,0.0,0.0,0.0
s356,34,2,69,160,0,24,5,0,25000,0.0,,1.0,1.0,1.0,2.0,,0,0,0,0,0.0,0.0,0.0
s357,49,3,64,120,2,120,6,2,50000,0.0,,7.0,1.0,3.0,2.0,,4,0,0,0,0.0,0.0,0.0
s358,24,4,71,238,0,0,0,0,90000,0.0,,4.0,,1.0,1.0,,0,0,0,0,1.0,1.0,0.0
s359,35,4,66,154,0,63,1,2,76000,0.0,,1.0,3.0,1.0,2.0,,0,2,0,0,0.0,0.0,0.0
s360,43,3,61,130,0,144,3,1,52000,0.0,0,1.0,3.0,3.0,1.0,3.0,5,0,0,0,0.0,0.0,0.0
s362,28,4,66,118,0,92,2,0,53000,0.0,,1.0,1.0,1.0,1.0,1.0,3,2,0,0,0.0,0.0,0.0
s363,49,3,62,125,0,324,5,1,43000,0.0,,1.0,1.0,1.0,2.0,,4,1,0,0,0.0,1.0,0.0
s364,26,4,70,145,0,16,4,0,35000,0.0,,1.0,2.0,3.0,1.0,1.0,1,0,0,0,0.0,0.0,2.0
s365,43,4,69,210,0,12,3,0,16000,0.0,,1.0,1.0,1.0,3.0,,10,0,2,0,0.0,2.0,4.0
s366,27,3,70,220,0,52,4,0,36000,0.0,,1.0,1.0,4.0,2.0,,0,0,0,0,0.0,2.0,2.0
s368,50,2,76,300,0,216,5,0,25000,0.0,,1.0,1.0,1.0,1.0,,0,6,0,0,0.0,3.0,0.0
s369,33,4,70,180,0,36,2,0,55000,0.0,,1.0,1.0,5.0,2.0,,1,2,0,0,0.0,0.0,0.0
s370,28,5,70,210,0,84,1,0,22000,0.0,,5.0,1.0,5.0,1.0,1.0,3,0,0,0,0.0,1.0,0.0
s372,37,4,72,195,0,6,1,0,50000,0.0,,1.0,1.0,5.0,1.0,,2,0,0,0,0.0,0.0,0.0
s373,26,4,67,140,0,7,4,0,30000,0.0,0,1.0,1.0,4.0,1.0,,3,0,4,0,0.0,0.0,0.0
s374,34,4,73,185,0,54,5,0,18000,0.0,,1.0,1.0,4.0,1.0,,0,0,0,0,0.0,2.0,0.0
s375,48,4,70,184,0,48,5,0,65000,1.0,60,7.0,1.0,1.0,1.0,1.0,0,0,0,0,0.0,2.0,1.0
s376,39,4,76,270,0,132,2,2,82000,1.0,25,6.0,4.0,5.0,4.0,,0,2,0,500,0.0,2.0,0.0
s377,34,4,67,120,0,59,6,0,20000,0.0,,5.0,1.0,6.0,2.0,,2,1,1,0,0.0,2.0,1.0
s378,31,4,72,165,0,30,4,0,60000,1.0,90,1.0,1.0,4.0,4.0,1.0,0,0,0,0,0.0,0.0,0.0
s379,31,2,64,135,0,144,5,2,69000,1.0,0,1.0,5.0,1.0,3.0,1.0,2,0,0,0,0.0,2.0,2.0
s380,44,2,66,175,0,274,2,2,63000,0.0,,7.0,5.0,1.0,2.0,1.0,1,0,0,95,0.0,0.0,0.0
s381,37,2,70,200,0,6,3,0,30000,0.0,,1.0,1.0,1.0,2.0,,0,0,2,60,0.0,0.0,0.0
s383,50,3,64,175,1,357,4,2,90000,1.0,60,7.0,4.0,1.0,3.0,,2,0,0,0,0.0,2.0,0.0
s384,25,4,75,180,0,0,0,0,15000,0.0,,1.0,1.0,5.0,1.0,1.0,4,0,1,0,0.0,1.0,0.0
s386,44,4,62,125,0,48,3,0,19000,0.0,,1.0,1.0,1.0,1.0,1.0,0,0,0,50,0.0,1.0,0.0
s387,48,3,64,180,0,363,2,1,54000,0.0,,1.0,1.0,6.0,1.0,2.0,0,3,1,0,0.0,2.0,0.0
s388,35,5,69,245,0,193,3,2,125000,1.0,25,7.0,4.0,7.0,4.0,8.0,1,0,1,0,0.0,4.0,1.0
s389,50,4,70,230,2,180,5,3,35000,0.0,,1.0,1.0,5.0,1.0,1.0,4,0,3,0,0.0,1.0,0.0
s390,27,2,63,220,0,36,4,0,12000,0.0,,1.0,1.0,1.0,1.0,2.0,0,3,1,0,0.0,0.0,0.0
s391,33,2,71,225,0,24,3,0,50000,0.0,,1.0,1.0,1.0,1.0,,0,0,5,0,0.0,0.0,0.0
s392,42,3,73,190,0,260,3,2,42000,0.0,,1.0,1.0,1.0,4.0,1.0,0,0,4,0,0.0,0.0,0.0
s393,30,3,65,135,0,96,5,3,25000,1.0,20,1.0,1.0,4.0,3.0,,1,3,0,0,1.0,2.0,1.0
s394,26,4,67,240,0,8,2,0,35000,0.0,,1.0,1.0,6.0,1.0,,0,0,0,0,0.0,0.0,0.0
s395,43,3,65,347,0,48,2,1,15000,0.0,,1.0,1.0,1.0,1.0,1.0,2,0,2,0,0.0,0.0,1.0
s396,35,6,70,118,0,169,3,0,149000,0.0,,1.0,1.0,1.0,1.0,,1,0,0,0,0.0,0.0,0.0
s397,40,3,67,125,0,243,2,0,45000,0.0,,1.0,1.0,1.0,2.0,1.0,1,1,0,0,0.0,1.0,0.0
s398,27,3,67,220,0,168,1,2,35000,0.0,,1.0,1.0,1.0,1.0,1.0,0,0,2,50,0.0,0.0,0.0
s399,43,4,70,165,1,122,3,4,88600,0.0,,2.0,1.0,5.0,4.0,1.0,1,0,4,0,0.0,4.0,1.0
s400,32,2,66,110,0,192,1,5,55000,0.0,,1.0,1.0,1.0,1.0,1.0,2,4,2,150,0.0,0.0,0.0
s401,26,3,68,197,0,30,4,0,36000,0.0,,2.0,3.0,1.0,1.0,1.0,2,2,0,1000,0.0,1.0,0.0
s402,21,3,64,200,0,0,0,0,10000,0.0,,1.0,1.0,1.0,1.0,,1,3,1,3,0.0,1.0,0.0
s403,22,3,64,250,0,0,0,0,32000,0.0,,1.0,1.0,3.0,1.0,,0,0,4,0,0.0,0.0,0.0
s404,46,3,64,150,0,300,5,1,78000,0.0,,1.0,3.0,1.0,3.0,,0,4,0,0,0.0,2.0,0.0
s405,39,3,66,185,0,216,3,1,65000,1.0,100,6.0,4.0,4.0,3.0,,0,0,0,1,0.0,2.0,0.0
s406,25,3,72,255,0,74,4,0,80000,0.0,,1.0,3.0,3.0,3.0,2.0,2,1,0,200,0.0,1.0,0.0
s407,29,3,69,151,0,113,5,1,43500,0.0,,5.0,1.0,1.0,1.0,1.0,0,0,5,0,0.0,2.0,0.0
s408,48,3,65,154,0,244,5,1,34000,0.0,,4.0,3.0,6.0,3.0,,0,0,6,0,0.0,4.0,0.0
s409,41,2,64,114,1,192,5,0,24000,1.0,0,1.0,3.0,1.0,2.0,,0,3,1,0,0.0,3.0,0.0
s410,26,3,65,145,0,52,3,0,30000,0.0,,,1.0,1.0,1.0,,2,0,1,0,0.0,3.0,0.0
s411,32,5,71,180,0,40,5,0,60000,0.0,,1.0,3.0,1.0,2.0,,1,0,0,0,1.0,0.0,0.0
s412,33,3,68,182,1,96,2,3,12000,0.0,,1.0,1.0,4.0,1.0,,0,6,2,76,0.0,3.0,0.0
s413,33,5,70,171,0,96,4,2,137000,1.0,95,7.0,1.0,1.0,1.0,1.0,0,0,0,0,0.0,1.0,0.0
s414,45,2,64,190,1,84,6,1,65000,0.0,,1.0,4.0,7.0,3.0,,1,3,1,0,0.0,3.0,0.0
s415,38,3,68,250,0,252,6,2,40000,0.0,,1.0,7.0,6.0,1.0,4.0,10,0,1,0,0.0,1.0,3.0
s416,22,4,68,300,0,36,1,0,22000,0.0,,1.0,1.0,3.0,2.0,,3,0,0,0,1.0,1.0,0.0
s418,21,3,60,90,0,24,4,0,15000,0.0,,1.0,1.0,1.0,2.0,,0,0,2,0,0.0,4.0,1.0
s419,25,4,65,145,0,48,4,0,40000,0.0,,1.0,7.0,3.0,3.0,1.0,0,1,0,0,1.0,2.0,0.0
s420,34,4,71,220,0,209,2,2,95000,1.0,5,8.0,4.0,1.0,3.0,,1,0,1,0,0.0,1.0,1.0
s421,33,4,63,127,1,74,3,2,36000,1.0,0,1.0,1.0,4.0,1.0,,1,0,0,0,0.0,3.0,0.0
s422,36,4,70,185,0,93,3,0,54850,1.0,25,1.0,2.0,1.0,1.0,,2,1,0,0,0.0,2.0,0.0
s423,31,2,62,105,0,24,3,2,40000,0.0,,2.0,2.0,,2.0,,2,0,2,250,0.0,5.0,3.0
s424,39,5,64,145,0,60,5,0,25000,0.0,,1.0,6.0,6.0,1.0,,2,0,0,0,0.0,3.0,1.0
s425,34,3,62,185,0,60,6,1,5000,0.0,,1.0,1.0,1.0,1.0,,0,1,3,0,0.0,0.0,1.0
s426,37,4,58,190,0,72,5,2,35000,0.0,,1.0,3.0,6.0,1.0,1.0,2,4,0,0,0.0,2.0,5.0
s427,34,5,73,221,0,35,5,0,90000,1.0,95,1.0,1.0,5.0,1.0,1.0,4,0,0,0,0.0,2.0,0.0
s428,50,5,65,160,1,120,5,2,85000,1.0,70,,4.0,,1.0,,2,1,0,0,0.0,1.0,0.0
s429,24,2,77,210,0,3,1,0,20000,0.0,,1.0,1.0,1.0,1.0,1.0,0,0,0,0,0.0,0.0,0.0
s430,32,3,63,180,0,144,1,4,40000,0.0,,2.0,1.0,3.0,3.0,,2,0,3,0,0.0,2.0,0.0
s431,34,4,63,180,0,122,4,0,90000,1.0,20,7.0,1.0,6.0,3.0,1.0,2,0,0,0,0.0,2.0,0.0
s432,37,3,63,125,0,152,2,0,65000,0.0,,8.0,1.0,3.0,3.0,,1,1,1,0,0.0,2.0,0.0
s433,28,3,62,200,0,3,5,0,21000,0.0,,3.0,1.0,3.0,1.0,,1,0,4,152,0.0,0.0,1.0
s434,34,4,65,190,0,176,3,2,150000,1.0,80,8.0,1.0,1.0,1.0,,2,0,0,0,0.0,0.0,0.0
s435,47,4,67,150,0,264,4,0,50000,1.0,,,,,,,1,1,1,100,0.0,4.0,0.0
s436,32,2,61,110,0,180,5,4,45000,0.0,,1.0,4.0,1.0,1.0,,2,0,0,0,0.0,1.0,0.0
s438,38,5,71,215,0,102,2,0,90000,0.0,,1.0,1.0,1.0,1.0,,1,0,0,0,0.0,4.0,0.0
s439,32,3,76,340,0,34,5,0,75000,1.0,10,1.0,1.0,2.0,2.0,,0,0,2,0,0.0,2.0,0.0
s440,50,5,68,180,0,36,4,0,65000,0.0,,1.0,1.0,1.0,1.0,,1,0,1,150,0.0,0.0,0.0
s441,40,3,63,159,0,168,6,1,1000,0.0,,1.0,1.0,3.0,1.0,,6,0,1,0,0.0,3.0,6.0
s443,31,4,72,180,0,32,5,0,68000,1.0,80,,,,3.0,,4,1,0,0,0.0,2.0,3.0
s444,31,3,67,140,1,120,4,0,84000,1.0,20,6.0,3.0,2.0,2.0,,2,1,0,0,0.0,0.0,1.0
s445,28,4,71,180,0,29,4,0,30000,0.0,,1.0,4.0,5.0,1.0,,0,0,0,0,0.0,0.0,0.0
s446,25,4,72,167,0,3,2,0,39000,0.0,,1.0,1.0,5.0,1.0,,0,1,0,0,0.0,1.0,1.0
s447,22,3,67,155,0,21,2,0,39999,0.0,,1.0,1.0,4.0,1.0,1.0,1,3,0,2,0.0,0.0,0.0
s448,34,2,70,180,0,30,5,0,65000,0.0,0,1.0,2.0,1.0,2.0,2.0,2,2,1,500,0.0,0.0,2.0
s449,37,6,65,150,0,171,5,2,240000,1.0,50,7.0,1.0,1.0,3.0,1.0,0,0,2,209,0.0,2.0,0.0
s450,35,3,63,200,0,242,3,2,35000,0.0,,,1.0,1.0,1.0,,1,0,1,0,0.0,1.0,0.0
s451,36,6,63,160,1,156,6,0,23000,0.0,,6.0,1.0,1.0,3.0,,0,2,0,0,0.0,1.0,0.0
s453,41,2,78,220,0,18,1,5,65000,0.0,,1.0,1.0,1.0,1.0,1.0,3,5,2,700,0.0,0.0,1.0
s454,34,2,60,112,0,96,2,0,40000,0.0,,,,,,,0,0,1,38,0.0,0.0,0.0
s455,24,2,71,130,0,13,4,0,18000,0.0,,2.0,1.0,1.0,3.0,1.0,0,0,3,200,0.0,0.0,0.0
s456,27,3,74,160,0,36,3,0,20000,0.0,20,2.0,3.0,1.0,3.0,1.0,0,2,0,100,2.0,1.0,0.0
s457,47,4,71,150,0,132,5,0,135000,1.0,60,5.0,1.0,1.0,2.0,1.0,0,1,0,0,0.0,0.0,0.0
s458,27,3,64,295,0,142,3,0,68000,0.0,,1.0,1.0,4.0,2.0,4.0,0,0,1,80,0.0,2.0,0.0
s459,30,3,68,300,0,60,4,0,40000,0.0,,1.0,2.0,5.0,,,1,0,0,0,0.0,2.0,0.0
s460,30,3,64,110,0,144,1,2,80000,1.0,0,1.0,2.0,4.0,2.0,,3,0,0,0,0.0,0.0,0.0
s461,36,3,64,150,0,60,5,2,25000,0.0,,6.0,1.0,1.0,3.0,,6,0,0,0,0.0,0.0,0.0
s462,32,2,19,230,0,96,2,1,60000,0.0,,5.0,1.0,1.0,2.0,1.0,0,0,2,0,0.0,0.0,0.0
s463,26,3,72,240,0,45,2,0,40000,0.0,,4.0,1.0,4.0,3.0,,0,0,6,0,0.0,2.0,0.0
s464,32,3,63,105,0,128,5,2,49000.00,0.0,,8.0,4.0,1.0,3.0,,0,1,0,0,0.0,0.0,1.0
s465,46,4,62,125,1,240,4,1,49000,1.0,2,2.0,1.0,1.0,1.0,1.0,3,0,1,40,0.0,1.0,0.0
s466,30,4,68,150,0,48,3,0,40000,0.0,,1.0,1.0,3.0,3.0,,1,0,0,100,0.0,2.0,2.0
s467,50,2,65,280,1,260,2,4,30000,0.0,,1.0,1.0,4.0,1.0,,4,0,1,0,0.0,0.0,0.0
s468,24,4,62,115,0,95,3,0,70000,0.0,,1.0,1.0,1.0,1.0,,1,0,1,0,0.0,0.0,0.0
s469,43,4,67,180,0,80,4,0,20000,0.0,,3.0,1.0,1.0,2.0,,0,3,0,0,0.0,0.0,0.0
s470,31,4,69,160,0,24,6,0,25000,0.0,,1.0,1.0,3.0,1.0,,2,0,0,0,0.0,1.0,0.0
s471,32,4,69,155,0,54,5,0,65000,0.0,0,1.0,1.0,1.0,1.0,1.0,2,0,0,55,0.0,2.0,0.0
s472,49,2,61,185,1,276,3,3,19000,0.0,,4.0,1.0,1.0,1.0,,0,5,2,25,0.0,0.0,0.0
s473,23,4,70,150,0,36,1,0,30000,1.0,0,,,,,,1,0,0,200,1.0,0.0,0.0
s474,28,4,65,180,0,0,0,0,50000,1.0,100,1.0,1.0,1.0,1.0,1.0,0,1,0,0,0.0,0.0,0.0
s475,27,3,70,190,0,24,5,0,24000,0.0,,1.0,1.0,2.0,1.0,,1,0,0,35,0.0,2.0,0.0
s476,44,3,69,145,1,202,3,2,55000,0.0,0,1.0,4.0,3.0,3.0,,0,0,2,0,0.0,2.0,1.0
s477,32,2,66,135,0,8,2,0,10000,0.0,,4.0,1.0,1.0,1.0,,0,0,2,0,0.0,0.0,1.0
s478,40,3,59,86,0,2,4,0,68000,0.0,,1.0,1.0,1.0,1.0,,3,0,0,0,0.0,0.0,0.0
s479,49,4,64,115,2,264,5,2,42000,1.0,40,6.0,1.0,1.0,1.0,1.0,0,1,0,0,0.0,2.0,0.0
s480,30,2,62,113,0,36,5,2,12000,0.0,,6.0,1.0,1.0,1.0,,2,0,0,0,0.0,0.0,0.0
s481,29,5,66,185,0,15,3,0,15000,0.0,,1.0,1.0,7.0,2.0,,1,0,1,0,0.0,2.0,0.0
s482,41,3,65,194,0,276,3,4,82000,1.0,75,1.0,4.0,5.0,4.0,,3,0,1,0,1.0,3.0,0.0
s483,28,3,71,185,0,240,1,0,25000,0.0,,,1.0,,3.0,5.0,1,1,0,0,0.0,0.0,0.0
s484,38,2,70,180,0,120,3,1,27000,0.0,,1.0,3.0,1.0,2.0,1.0,1,2,0,200,0.0,0.0,0.0
s485,22,3,64,180,0,12,2,0,15500,1.0,,1.0,4.0,1.0,2.0,1.0,5,1,0,600,0.0,0.0,0.0
s486,50,6,76,205,1,144,6,1,90000,1.0,60,7.0,1.0,1.0,4.0,,1,0,0,0,0.0,3.0,2.0
s488,28,2,70,215,0,36,3,0,30000,0.0,,1.0,1.0,1.0,1.0,1.0,1,0,1,0,0.0,0.0,6.0
s489,34,4,62,166,0,162,5,2,130000,0.0,0,8.0,4.0,1.0,5.0,2.0,2,0,0,0,0.0,1.0,0.0
s490,46,3,69,160,3,50,5,2,15000,0.0,,1.0,1.0,1.0,1.0,1.0,2,0,1,0,0.0,1.0,0.0
s491,44,3,60,160,1,204,2,1,44000,1.0,100,1.0,4.0,1.0,2.0,2.0,1,0,0,0,2.0,0.0,0.0
s492,30,3,72,320,0,48,5,2,70000,0.0,,2.0,2.0,2.0,2.0,1.0,0,0,0,0,2.0,1.0,1.0
s493,35,4,66,130,1,240,6,0,25000,0.0,0,1.0,1.0,4.0,1.0,1.0,0,0,2,0,0.0,1.0,0.0
s494,46,4,69,145,0,130,4,0,52000,1.0,40,6.0,1.0,1.0,1.0,1.0,1,0,0,0,1.0,2.0,0.0
s495,40,3,63,150,0,50,2,1,35000,0.0,,1.0,1.0,1.0,3.0,,1,0,1,0,0.0,1.0,0.0
s496,34,4,63,120,0,36,3,0,30000,0.0,,6.0,1.0,1.0,4.0,4.0,4,2,1,0,0.0,0.0,0.0
s497,41,3,69,150,0,12,5,0,2400,0.0,,1.0,1.0,1.0,1.0,,0,0,0,0,0.0,1.0,0.0
s498,27,3,66,160,0,24,5,0,45000,0.0,,1.0,1.0,5.0,1.0,,4,0,2,0,0.0,2.0,4.0
s499,31,6,66,180,0,46,5,0,16000,0.0,,1.0,1.0,8.0,1.0,8.0,2,1,1,0,0.0,2.0,2.0
s500,46,6,67,190,0,60,4,0,107500,1.0,85,6.0,1.0,4.0,4.0,1.0,4,1,0,0,0.0,2.0,0.0
s501,34,4,63,115,0,124,4,2,12000,1.0,100,1.0,1.0,1.0,1.0,,2,0,1,0,0.0,1.0,1.0
s502,35,4,62,100,0,12,5,0,33330,1.0,0,,,,,,2,0,0,3,0.0,3.0,0.0
s503,38,3,68,190,1,115,5,5,55000,0.0,,1.0,4.0,1.0,7.0,1.0,0,0,4,100,0.0,0.0,2.0
s504,41,5,57,260,0,15,3,0,40000,1.0,100,1.0,1.0,4.0,1.0,,4,1,0,0,0.0,2.0,0.0
s505,25,4,69,165,0,36,4,0,20000,0.0,,5.0,1.0,5.0,2.0,1.0,1,0,1,0,0.0,1.0,0.0
s506,26,2,74,360,0,30,2,0,25000,0.0,,,,,,,0,12,0,0,0.0,0.0,0.0
s507,33,4,69,220,0,168,2,1,62000,1.0,70,,4.0,5.0,3.0,,0,0,2,0,0.0,0.0,0.0
s508,29,4,68,130,0,78,1,0,36000,0.0,0,1.0,1.0,4.0,4.0,1.0,0,0,0,0,0.0,0.0,0.0
s509,34,3,62,175,1,90,4,1,50000,1.0,10,1.0,1.0,1.0,3.0,1.0,1,0,1,0,0.0,2.0,0.0
s510,44,4,66,185,0,193,5,1,45000,0.0,,1.0,1.0,1.0,1.0,1.0,2,0,0,0,1.0,1.0,2.0
s511,28,3,67,160,0,96,5,1,50000,0.0,,,,,,,2,0,2,0,0.0,0.0,2.0
s512,48,4,64,136,1,276,5,3,85000,0.0,,6.0,5.0,4.0,3.0,,2,0,0,0,0.0,0.0,0.0
s513,30,3,5,130,0,144,4,3,49000,1.0,100,6.0,1.0,1.0,7.0,1.0,1,0,0,0,0.0,2.0,0.0
s514,45,3,70,179,1,82,3,3,37500,0.0,,1.0,1.0,1.0,1.0,,1,2,4,0,0.0,3.0,2.0
s515,20,3,66,120,0,3,1,0,19000,0.0,,1.0,1.0,1.0,1.0,,0,0,0,0,0.0,0.0,0.0
s516,28,3,68,222,0,70,4,2,40000,0.0,,1.0,1.0,4.0,1.0,4.0,2,0,1,0,0.0,2.0,1.0
s517,32,4,6,176,0,0,0,0,5000,0.0,,,,,,,0,0,0,0,0.0,0.0,0.0
s520,28,2,58,109,0,24,1,0,70000,0.0,,,,,,,0,0,0,0,0.0,0.0,0.0
s521,45,4,75,180,0,168,6,0,50000,0.0,,1.0,1.0,1.0,1.0,,2,4,0,0,0.0,0.0,0.0
s522,26,3,60,165,0,16,1,0,6000,0.0,,1.0,1.0,3.0,1.0,1.0,1,2,0,0,1.0,1.0,0.0
s523,43,3,68,136,1,36,5,0,24000,0.0,,1.0,1.0,5.0,1.0,1.0,0,1,0,0,0.0,1.0,1.0
s524,31,2,60,136,0,113,3,0,60000,0.0,,6.0,1.0,1.0,1.0,,0,0,2,0,0.0,0.0,0.0
s526,30,2,72,245,0,84,4,0,15000,0.0,,1.0,1.0,6.0,1.0,1.0,0,0,0,0,0.0,0.0,1.0
s527,39,3,66,160,1,93,3,2,32000,0.0,,1.0,8.0,4.0,3.0,,4,0,0,0,0.0,2.0,0.0
s528,42,3,65,165,0,232,4,2,32000,0.0,,1.0,1.0,4.0,1.0,,5,1,3,0,0.0,0.0,2.0
s529,43,4,64,140,0,36,3,0,20000,0.0,,1.0,1.0,1.0,1.0,,2,1,0,0,0.0,1.0,1.0
s531,45,3,61,135,1,144,5,2,52000,0.0,,6.0,1.0,6.0,2.0,,0,0,1,0,0.0,3.0,0.0
s533,28,3,65,150,0,24,5,0,38000,0.0,,1.0,1.0,1.0,1.0,,0,1,0,0,0.0,1.0,0.0
s534,31,3,67,142,0,84,4,0,78000,0.0,,1.0,1.0,1.0,1.0,2.0,3,1,0,300,0.0,2.0,0.0
s535,31,4,72,200,0,120,1,3,60000,1.0,50,1.0,1.0,1.0,1.0,1.0,0,0,0,600,0.0,1.0,0.0
s538,43,4,70,130,1,60,5,0,45000,1.0,0,1.0,1.0,1.0,1.0,1.0,0,0,0,0,0.0,1.0,0.0
s539,29,3,68,270,0,35,3,0,25000,0.0,,1.0,1.0,,2.0,,0,2,4,0,0.0,1.0,0.0
s541,32,4,59,108,0,66,5,0,15000,0.0,,1.0,1.0,5.0,1.0,,3,0,1,15,0.0,0.0,1.0
s542,42,3,70,275,0,216,2,2,15000,0.0,0,,,,,,0,5,0,150,0.0,2.0,0.0
s543,43,3,67,293,1,4,5,1,30000,0.0,,1.0,4.0,1.0,2.0,1.0,1,0,1,1,1.0,3.0,0.0
s544,41,3,65,120,1,108,3,4,90000,0.0,,8.0,4.0,1.0,,,5,2,1,300,1.0,0.0,0.0
s545,35,2,69,180,0,192,5,1,22000,0.0,,1.0,1.0,1.0,1.0,1.0,0,1,1,0,0.0,2.0,3.0
s546,34,3,70,373,1,138,5,0,25000,0.0,,,3.0,3.0,1.0,,1,2,0,0,0.0,2.0,0.0
s548,28,4,72,220,0,0,0,0,5900,0.0,0,1.0,1.0,6.0,1.0,1.0,1,1,0,25,0.0,0.0,0.0
s549,28,4,71,175,0,16,2,0,35000,0.0,,1.0,4.0,5.0,2.0,,1,1,0,0,1.0,3.0,1.0
s550,34,4,62,120,0,65,5,0,0,0.0,0,,1.0,1.0,,,2,0,1,5,0.0,1.0,1.0
s551,37,3,67,140,2,108,6,6,12000,1.0,,3.0,1.0,2.0,1.0,2.0,1,2,2,0,0.0,2.0,2.0
s552,33,3,57,167,0,75,1,0,52500,1.0,50,5.0,1.0,1.0,1.0,3.0,0,1,0,0,0.0,5.0,2.0
s553,44,3,67,173,1,102,4,2,76000,1.0,10,5.0,4.0,1.0,1.0,,1,0,1,200,0.0,1.0,0.0
s554,23,3,69,220,0,61,1,0,41000,1.0,25,1.0,1.0,5.0,1.0,,0,0,0,0,0.0,0.0,0.0
s556,44,4,70,220,0,8,6,2,90000,0.0,,8.0,4.0,1.0,1.0,,0,0,5,200,1.0,1.0,0.0
s557,20,3,70,140,0,0,0,0,80000,0.0,0,1.0,2.0,3.0,1.0,1.0,0,1,0,0,0.0,0.0,0.0
s559,39,4,65,243,0,60,5,1,50000,0.0,,1.0,1.0,6.0,4.0,1.0,0,4,6,0,0.0,5.0,2.0
s560,23,4,69,145,0,22,4,0,25000,0.0,0,1.0,1.0,7.0,3.0,,3,0,2,0,0.0,4.0,3.0
